pr_number,created_at,author,merged,review_count,comment_count,approvals
18656,2019-03-30T15:03:14Z,gujinghui,False,4,11,1
18655,2019-03-30T14:17:35Z,zasdfgbnm,False,0,0,0
18654,2019-03-30T13:12:11Z,zasdfgbnm,False,0,0,0
18653,2019-03-30T12:21:00Z,MarkPare,False,2,0,1
18651,2019-03-30T07:25:08Z,zasdfgbnm,False,1,1,1
18650,2019-03-30T07:25:01Z,zasdfgbnm,False,2,4,1
18649,2019-03-30T07:24:57Z,zasdfgbnm,False,1,0,1
18648,2019-03-30T07:24:52Z,zasdfgbnm,False,3,5,2
18646,2019-03-30T06:21:08Z,wytyang00,False,1,0,1
18644,2019-03-30T01:12:03Z,zasdfgbnm,False,0,0,0
18642,2019-03-30T00:43:44Z,zasdfgbnm,False,2,0,1
18640,2019-03-29T23:27:44Z,bddppq,False,2,0,1
18639,2019-03-29T22:28:38Z,soumith,False,2,0,1
18638,2019-03-29T21:41:43Z,BloodAxe,False,2,0,1
18637,2019-03-29T21:33:20Z,kostmo,False,0,0,0
18636,2019-03-29T21:00:49Z,efaust,False,2,4,1
18635,2019-03-29T20:59:28Z,xiaomengy,False,1,0,1
18633,2019-03-29T20:45:37Z,wanchaol,False,4,7,2
18632,2019-03-29T20:33:19Z,yf225,False,3,0,2
18629,2019-03-29T19:23:22Z,ezyang,False,2,2,1
18628,2019-03-29T19:23:17Z,ezyang,False,1,0,1
18625,2019-03-29T18:45:35Z,li-roy,False,0,0,0
18624,2019-03-29T18:27:48Z,LeviViana,False,4,28,0
18623,2019-03-29T18:06:56Z,eellison,False,2,0,1
18622,2019-03-29T18:02:36Z,duc0,False,1,0,1
18621,2019-03-29T17:51:28Z,zrphercule,False,0,0,0
18618,2019-03-29T16:42:14Z,VitalyFedyunin,False,6,30,1
18615,2019-03-29T10:19:32Z,t-vi,False,2,0,1
18614,2019-03-29T09:00:58Z,ahmadsalim,False,3,1,2
18613,2019-03-29T07:27:03Z,bddppq,False,0,0,0
18612,2019-03-29T06:58:28Z,xiaomengy,False,1,0,1
18610,2019-03-29T05:08:15Z,dylanbespalko,False,2,18,0
18609,2019-03-29T04:51:33Z,bddppq,False,2,0,1
18608,2019-03-29T04:49:40Z,soumith,False,3,0,2
18606,2019-03-29T04:05:16Z,bwasti,False,0,0,0
18605,2019-03-29T03:47:34Z,gchanan,False,3,1,1
18604,2019-03-29T03:25:37Z,iArunava,False,2,0,1
18603,2019-03-29T02:19:12Z,li-roy,False,3,2,0
18601,2019-03-29T01:15:01Z,kostmo,False,3,1,1
18600,2019-03-29T01:12:33Z,smessmer,False,0,0,0
18599,2019-03-29T01:12:22Z,smessmer,False,0,0,0
18598,2019-03-29T01:07:15Z,ezyang,False,4,5,1
18597,2019-03-29T00:08:23Z,smessmer,False,0,0,0
18596,2019-03-28T23:56:21Z,houseroad,False,0,0,0
18595,2019-03-28T23:43:42Z,pietern,False,2,2,0
18594,2019-03-28T22:20:28Z,smessmer,False,0,0,0
18593,2019-03-28T22:20:20Z,smessmer,False,0,0,0
18592,2019-03-28T22:20:11Z,smessmer,False,0,0,0
18590,2019-03-28T21:28:55Z,eellison,False,4,3,1
18589,2019-03-28T21:22:21Z,bwasti,False,4,7,1
18588,2019-03-28T21:22:09Z,bwasti,False,2,8,1
18587,2019-03-28T21:22:02Z,bwasti,False,5,9,2
18586,2019-03-28T21:20:04Z,bwasti,False,0,0,0
18585,2019-03-28T20:47:29Z,houseroad,False,0,0,0
18584,2019-03-28T20:40:31Z,jeffdaily,False,2,0,1
18583,2019-03-28T20:37:50Z,izdeby,False,3,15,2
18582,2019-03-28T20:29:32Z,gchanan,False,3,0,2
18581,2019-03-28T20:14:35Z,wanchaol,False,4,2,1
18580,2019-03-28T19:44:29Z,t-vi,False,1,0,0
18579,2019-03-28T19:26:46Z,ezyang,False,2,2,2
18578,2019-03-28T19:26:39Z,gchanan,False,4,21,2
18577,2019-03-28T19:04:05Z,smessmer,False,1,0,1
18576,2019-03-28T18:53:05Z,csummersea,False,0,0,0
18575,2019-03-28T18:48:48Z,eellison,False,2,0,1
18573,2019-03-28T17:57:15Z,yf225,False,3,0,2
18572,2019-03-28T17:49:43Z,bwasti,False,0,0,0
18571,2019-03-28T17:31:04Z,bddppq,False,2,0,1
18570,2019-03-28T17:04:24Z,eellison,False,2,0,1
18568,2019-03-28T15:57:37Z,sublee,False,0,0,0
18567,2019-03-28T15:26:28Z,ezyang,False,0,0,0
18565,2019-03-28T14:50:14Z,aurelien-roy,False,2,0,1
18564,2019-03-28T14:01:28Z,gemfield,False,2,0,1
18562,2019-03-28T08:55:29Z,NySunShine,False,1,0,0
18560,2019-03-28T07:46:40Z,dzhulgakov,False,0,0,0
18559,2019-03-28T07:01:23Z,ahhegazy,False,0,0,0
18557,2019-03-28T05:08:03Z,stas00,False,2,0,1
18556,2019-03-28T05:03:24Z,kostmo,False,0,0,0
18553,2019-03-28T02:55:48Z,eellison,False,1,0,0
18552,2019-03-28T02:48:48Z,gujinghui,False,2,0,1
18551,2019-03-28T01:46:14Z,smessmer,False,2,2,1
18550,2019-03-28T01:24:52Z,smessmer,False,0,0,0
18549,2019-03-28T00:30:35Z,eellison,False,3,1,2
18548,2019-03-28T00:29:57Z,xsacha,False,3,11,1
18547,2019-03-27T23:28:31Z,smessmer,False,1,1,0
18546,2019-03-27T23:07:19Z,jerryzh168,False,4,30,1
18545,2019-03-27T22:30:10Z,eellison,False,3,0,2
18543,2019-03-27T21:35:35Z,lara-hdr,False,4,20,1
18542,2019-03-27T21:13:08Z,smessmer,False,0,0,0
18541,2019-03-27T21:12:46Z,smessmer,False,2,2,0
18540,2019-03-27T21:01:14Z,t-vi,False,2,0,1
18538,2019-03-27T20:14:01Z,ezyang,False,1,0,1
18537,2019-03-27T19:36:22Z,iotamudelta,False,2,0,1
18535,2019-03-27T19:14:49Z,eellison,False,3,0,2
18533,2019-03-27T18:29:52Z,SuperIRabbit,False,0,0,0
18533,2019-03-27T18:29:52Z,SuperIRabbit,False,0,0,0
18532,2019-03-27T18:27:53Z,bwasti,False,0,0,0
18531,2019-03-27T18:11:40Z,jerryzh168,False,0,0,0
18530,2019-03-27T18:04:10Z,VitalyFedyunin,False,2,0,1
18529,2019-03-27T17:36:43Z,vishwakftw,False,2,0,1
18527,2019-03-27T17:24:58Z,soumith,False,2,0,1
18523,2019-03-27T12:02:03Z,f0k,False,3,7,1
18519,2019-03-27T08:06:35Z,ghost,False,2,0,1
18517,2019-03-27T06:39:22Z,kostmo,False,2,0,1
18516,2019-03-27T06:01:04Z,geof90,False,0,0,0
18515,2019-03-27T05:40:47Z,SuperIRabbit,False,1,0,1
18514,2019-03-27T03:46:32Z,bddppq,False,0,0,0
18513,2019-03-27T03:37:01Z,li-roy,False,1,0,0
18512,2019-03-27T03:32:48Z,benoitsteiner,False,2,0,2
18511,2019-03-27T02:57:25Z,malmaud,False,3,2,1
18510,2019-03-27T01:23:24Z,bwasti,False,3,0,2
18509,2019-03-27T00:59:30Z,ailzhang,False,2,1,1
18508,2019-03-27T00:37:05Z,zpao,False,2,0,1
18507,2019-03-27T00:18:54Z,ezyang,False,1,0,1
18506,2019-03-27T00:12:54Z,xiaomengy,False,1,0,1
18505,2019-03-27T00:00:19Z,izdeby,False,3,8,2
18504,2019-03-26T23:50:16Z,Ruxuan,False,0,0,0
18503,2019-03-26T23:49:14Z,houseroad,False,0,0,0
18502,2019-03-26T23:47:08Z,TheCodez,False,3,4,1
18501,2019-03-26T23:36:35Z,TheCodez,False,0,0,0
18500,2019-03-26T23:27:21Z,eellison,False,2,4,0
18499,2019-03-26T22:09:41Z,chocjy,False,0,0,0
18498,2019-03-26T22:05:48Z,chocjy,False,0,0,0
18497,2019-03-26T22:04:43Z,chocjy,False,0,0,0
18495,2019-03-26T20:36:41Z,stas00,False,3,0,1
18494,2019-03-26T20:15:29Z,nimin98,False,0,0,0
18493,2019-03-26T20:03:28Z,jamesr66a,False,2,2,1
18492,2019-03-26T19:47:59Z,ilia-cher,False,2,0,1
18491,2019-03-26T19:12:40Z,eellison,False,3,1,1
18489,2019-03-26T19:03:39Z,bwasti,False,5,11,0
18488,2019-03-26T18:52:04Z,Krovatkin,False,2,4,0
18487,2019-03-26T18:46:28Z,ezyang,False,0,0,0
18486,2019-03-26T18:35:21Z,zrphercule,False,2,0,1
18485,2019-03-26T17:53:08Z,ezyang,False,0,0,0
18483,2019-03-26T17:28:48Z,BowenBao,False,0,0,0
18482,2019-03-26T17:24:18Z,lara-hdr,False,3,5,1
18481,2019-03-26T17:21:29Z,masato-271,False,0,0,0
18480,2019-03-26T16:21:47Z,ezyang,False,0,0,0
18479,2019-03-26T15:40:32Z,ssnl,False,2,0,1
18473,2019-03-26T13:16:44Z,gemfield,False,2,0,1
18471,2019-03-26T07:41:02Z,gujinghui,False,2,0,1
18469,2019-03-26T04:29:23Z,zdevito,False,2,5,1
18468,2019-03-26T04:29:16Z,zdevito,False,1,0,1
18467,2019-03-26T04:29:10Z,zdevito,False,1,0,1
18466,2019-03-26T03:58:25Z,bddppq,False,2,0,1
18465,2019-03-26T03:49:46Z,mrshenli,False,3,4,2
18464,2019-03-26T03:47:25Z,peterjc123,False,2,0,1
18463,2019-03-26T02:58:27Z,gujinghui,False,1,0,0
18462,2019-03-26T02:57:38Z,soumith,False,2,1,1
18460,2019-03-26T01:42:55Z,mingfeima,False,3,11,1
18459,2019-03-26T00:01:55Z,zasdfgbnm,False,4,7,0
18458,2019-03-25T23:52:33Z,ssnl,False,2,0,1
18457,2019-03-25T23:29:35Z,LeviViana,False,3,4,0
18455,2019-03-25T21:55:04Z,VitalyFedyunin,False,6,12,1
18454,2019-03-25T21:25:10Z,tracelogfb,False,0,0,0
18453,2019-03-25T21:20:06Z,tracelogfb,False,0,0,0
18452,2019-03-25T21:15:47Z,tracelogfb,False,0,0,0
18449,2019-03-25T20:37:32Z,ssnl,False,2,0,1
18446,2019-03-25T20:14:13Z,nishantpdce,False,5,30,1
18445,2019-03-25T20:02:36Z,ezyang,False,2,1,1
18444,2019-03-25T19:59:32Z,smessmer,False,2,2,1
18443,2019-03-25T19:58:06Z,smessmer,False,2,2,1
18442,2019-03-25T19:30:20Z,wanchaol,False,2,0,1
18441,2019-03-25T19:13:56Z,kevinch-nv,False,2,0,1
18438,2019-03-25T18:22:51Z,gchanan,False,1,0,0
18437,2019-03-25T18:13:52Z,eellison,False,2,0,1
18435,2019-03-25T17:38:10Z,vishwakftw,False,3,0,1
18433,2019-03-25T15:45:53Z,ezyang,False,1,0,1
18432,2019-03-25T15:11:46Z,VitalyFedyunin,False,2,0,1
18430,2019-03-25T14:00:41Z,gemfield,False,2,0,1
18422,2019-03-25T08:43:44Z,nihui,False,2,0,1
18421,2019-03-25T06:12:06Z,xsacha,False,2,0,1
18420,2019-03-25T06:08:24Z,ZhuBaohe,False,3,0,2
18418,2019-03-25T05:48:45Z,peterjc123,False,2,1,2
18417,2019-03-25T05:34:30Z,bddppq,False,2,0,1
18415,2019-03-25T02:18:14Z,rlorigro,False,4,9,1
18411,2019-03-24T20:43:18Z,t-vi,False,2,0,1
18410,2019-03-24T19:45:47Z,soumith,False,1,0,0
18409,2019-03-24T19:40:08Z,soumith,False,2,1,0
18407,2019-03-24T18:28:18Z,t-vi,False,4,30,0
18406,2019-03-24T18:14:45Z,zasdfgbnm,False,2,0,1
18402,2019-03-24T10:51:02Z,ekagra-ranjan,False,1,0,0
18400,2019-03-24T10:08:55Z,ekagra-ranjan,False,0,0,0
18397,2019-03-24T06:48:54Z,SuperIRabbit,False,0,0,0
18396,2019-03-24T05:37:30Z,nishantpdce,False,2,1,0
18395,2019-03-24T04:44:30Z,zasdfgbnm,False,3,0,1
18394,2019-03-24T03:39:49Z,zasdfgbnm,False,2,0,1
18391,2019-03-23T23:59:57Z,zasdfgbnm,False,3,0,2
18390,2019-03-23T23:08:37Z,izdeby,False,3,0,1
18385,2019-03-23T09:30:19Z,yinghai,False,0,0,0
18383,2019-03-23T07:24:17Z,csummersea,False,0,0,0
18379,2019-03-23T05:20:18Z,zdevito,False,1,0,1
18378,2019-03-23T04:00:07Z,zdevito,False,1,3,1
18375,2019-03-23T00:06:39Z,ngimel,False,4,1,2
18374,2019-03-22T23:56:44Z,ajyu,False,0,0,0
18373,2019-03-22T23:55:55Z,ajyu,False,0,0,0
18372,2019-03-22T23:54:30Z,ajyu,False,0,0,0
18371,2019-03-22T23:54:27Z,ajyu,False,0,0,0
18370,2019-03-22T23:53:38Z,ajyu,False,0,0,0
18369,2019-03-22T23:07:31Z,wanchaol,False,3,0,1
18368,2019-03-22T23:04:23Z,t-vi,False,0,0,0
18367,2019-03-22T22:51:39Z,Krovatkin,False,2,30,0
18366,2019-03-22T22:41:04Z,pjh5,False,0,0,0
18364,2019-03-22T21:45:26Z,yinghai,False,0,0,0
18362,2019-03-22T21:20:18Z,ezyang,False,1,0,1
18361,2019-03-22T20:51:17Z,eellison,False,2,0,1
18360,2019-03-22T20:39:22Z,t-vi,False,6,19,2
18350,2019-03-22T19:54:36Z,t-vi,False,0,0,0
18349,2019-03-22T19:44:14Z,mc-robinson,False,3,1,1
18348,2019-03-22T19:23:09Z,ezyang,False,0,0,0
18347,2019-03-22T19:17:01Z,gchanan,False,4,2,1
18346,2019-03-22T19:14:24Z,ezyang,False,0,0,0
18345,2019-03-22T19:08:05Z,ezyang,False,1,0,1
18344,2019-03-22T18:45:31Z,umanwizard,False,4,30,0
18343,2019-03-22T18:22:30Z,salexspb,False,0,0,0
18342,2019-03-22T18:21:37Z,salexspb,False,0,0,0
18341,2019-03-22T18:20:56Z,salexspb,False,0,0,0
18340,2019-03-22T18:20:46Z,salexspb,False,0,0,0
18339,2019-03-22T18:20:11Z,salexspb,False,0,0,0
18338,2019-03-22T17:58:57Z,gchanan,False,2,0,1
18336,2019-03-22T16:37:19Z,pjh5,False,0,0,0
18335,2019-03-22T16:17:01Z,gchanan,False,3,1,1
18334,2019-03-22T15:19:13Z,zhangguanheng66,False,6,30,1
18332,2019-03-22T14:09:35Z,izdeby,False,0,0,0
18331,2019-03-22T14:09:28Z,izdeby,False,0,0,0
18330,2019-03-22T14:09:18Z,izdeby,False,0,0,0
18328,2019-03-22T09:05:50Z,t-vi,False,1,0,0
18327,2019-03-22T08:58:57Z,t-vi,False,2,0,1
18326,2019-03-22T08:49:20Z,dzhulgakov,False,0,0,0
18322,2019-03-22T06:57:17Z,xiaomengy,False,0,0,0
18321,2019-03-22T05:58:57Z,jianyuh,False,0,0,0
18316,2019-03-22T03:33:58Z,xiaomengy,False,1,0,1
18314,2019-03-22T02:30:45Z,zdevito,False,2,7,1
18310,2019-03-22T00:56:41Z,kureta,False,1,0,0
18309,2019-03-22T00:54:51Z,cpuhrsch,False,5,9,1
18307,2019-03-22T00:40:14Z,ZolotukhinM,False,1,0,1
18306,2019-03-22T00:40:08Z,ZolotukhinM,False,0,0,0
18305,2019-03-22T00:40:02Z,ZolotukhinM,False,0,0,0
18304,2019-03-22T00:39:56Z,eellison,False,3,14,1
18303,2019-03-22T00:39:56Z,ZolotukhinM,False,1,0,1
18302,2019-03-22T00:23:24Z,smessmer,False,2,2,0
18301,2019-03-22T00:23:16Z,smessmer,False,0,0,0
18299,2019-03-21T23:21:24Z,zasdfgbnm,False,3,0,2
18298,2019-03-21T23:05:58Z,eellison,False,4,3,2
18297,2019-03-21T23:03:55Z,BowenBao,False,1,1,0
18296,2019-03-21T22:43:10Z,suo,False,2,8,0
18295,2019-03-21T22:24:05Z,ljk53,False,1,0,1
18294,2019-03-21T22:05:48Z,smessmer,False,1,0,1
18292,2019-03-21T20:27:48Z,ezyang,False,1,0,1
18291,2019-03-21T20:16:16Z,ezyang,False,1,0,1
18290,2019-03-21T19:59:47Z,yinghai,False,0,0,0
18289,2019-03-21T19:59:45Z,bilgeacun,False,0,0,0
18288,2019-03-21T19:58:48Z,wesolwsk,False,1,0,1
18285,2019-03-21T19:18:28Z,houseroad,False,0,0,0
18284,2019-03-21T19:12:24Z,suo,False,1,0,1
18282,2019-03-21T17:56:41Z,bddppq,False,2,0,1
18280,2019-03-21T16:54:13Z,ilia-cher,False,0,0,0
18278,2019-03-21T16:27:24Z,ezyang,False,1,0,1
18276,2019-03-21T14:33:49Z,ifedan,False,2,0,1
18271,2019-03-21T10:36:36Z,t-vi,False,3,2,1
18267,2019-03-21T06:58:36Z,dzhulgakov,False,2,4,1
18266,2019-03-21T06:52:25Z,wanchaol,False,4,10,1
18265,2019-03-21T06:24:28Z,zasdfgbnm,False,2,0,1
18264,2019-03-21T05:43:30Z,zasdfgbnm,False,2,0,0
18262,2019-03-21T05:00:26Z,zasdfgbnm,False,2,0,1
18261,2019-03-21T03:59:15Z,houseroad,False,3,2,0
18259,2019-03-21T00:42:36Z,eellison,False,6,28,2
18258,2019-03-21T00:41:23Z,driazati,False,2,2,1
18257,2019-03-20T23:48:53Z,zhengwy888,False,1,0,0
18256,2019-03-20T23:47:55Z,smessmer,False,3,11,0
18255,2019-03-20T23:44:34Z,pietern,False,2,0,1
18253,2019-03-20T23:15:52Z,dreiss,False,0,0,0
18252,2019-03-20T22:37:03Z,driazati,False,4,6,2
18251,2019-03-20T22:34:51Z,pietern,False,3,17,1
18250,2019-03-20T22:23:36Z,ailzhang,False,4,3,1
18248,2019-03-20T22:14:36Z,houseroad,False,0,0,0
18247,2019-03-20T21:31:33Z,driazati,False,3,5,1
18246,2019-03-20T21:27:36Z,jspark1105,False,0,0,0
18245,2019-03-20T21:23:43Z,eellison,False,0,0,0
18244,2019-03-20T20:38:22Z,yf225,False,1,4,0
18243,2019-03-20T20:27:15Z,driazati,False,4,7,1
18242,2019-03-20T20:18:14Z,ezyang,False,2,0,2
18241,2019-03-20T20:15:45Z,bilgeacun,False,1,0,2
18240,2019-03-20T20:09:27Z,jspark1105,False,0,0,0
18239,2019-03-20T20:07:53Z,jspark1105,False,0,0,0
18238,2019-03-20T20:03:24Z,driazati,False,2,0,1
18237,2019-03-20T19:39:36Z,kshitij12345,False,2,0,1
18236,2019-03-20T19:17:45Z,ezyang,False,1,0,1
18235,2019-03-20T19:16:14Z,jamesr66a,False,6,24,1
18234,2019-03-20T19:11:49Z,driazati,False,2,0,1
18233,2019-03-20T19:03:24Z,wanchaol,False,4,12,1
18231,2019-03-20T18:56:12Z,ezyang,False,4,3,2
18230,2019-03-20T18:27:31Z,jerryzh168,False,4,30,0
18227,2019-03-20T17:19:51Z,zdong1995,False,2,0,1
18226,2019-03-20T17:16:27Z,zdevito,False,2,5,1
18225,2019-03-20T16:32:43Z,yf225,False,3,1,2
18224,2019-03-20T15:53:38Z,ezyang,False,0,0,0
18223,2019-03-20T15:50:59Z,yf225,False,4,30,1
18222,2019-03-20T15:37:43Z,HuitongQiu,False,2,2,1
18221,2019-03-20T14:54:49Z,dchirikov,False,0,0,0
18217,2019-03-20T10:45:54Z,peterjc123,False,4,2,2
18216,2019-03-20T10:35:32Z,hikjik,False,2,0,1
18213,2019-03-20T09:27:26Z,vishwakftw,False,2,0,1
18211,2019-03-20T06:31:10Z,suo,False,1,0,1
18210,2019-03-20T06:11:25Z,houseroad,False,4,15,1
18207,2019-03-20T02:43:37Z,salexspb,False,1,0,0
18204,2019-03-20T02:24:34Z,iotamudelta,False,2,0,1
18203,2019-03-20T02:04:41Z,xsacha,False,2,0,1
18201,2019-03-20T01:13:35Z,izdeby,False,3,0,2
18199,2019-03-20T00:14:27Z,BowenBao,False,2,0,1
18198,2019-03-19T23:08:38Z,driazati,False,3,10,1
18197,2019-03-19T21:50:36Z,gchanan,False,2,0,1
18196,2019-03-19T21:44:16Z,hyuen,False,0,0,0
18195,2019-03-19T21:12:17Z,suo,False,1,0,1
18194,2019-03-19T21:02:45Z,duc0,False,1,1,1
18193,2019-03-19T21:00:38Z,ezyang,False,1,0,1
18192,2019-03-19T20:53:01Z,ezyang,False,2,0,2
18191,2019-03-19T20:30:25Z,eellison,False,2,0,1
18190,2019-03-19T19:52:28Z,ifedan,False,4,13,1
18188,2019-03-19T19:20:17Z,driazati,False,2,1,1
18187,2019-03-19T19:13:32Z,hyuen,False,3,5,1
18186,2019-03-19T18:17:23Z,ezyang,False,0,0,0
18185,2019-03-19T18:15:19Z,ezyang,False,0,0,0
18184,2019-03-19T18:13:19Z,ezyang,False,2,5,1
18181,2019-03-19T17:17:21Z,ezyang,False,2,2,1
18179,2019-03-19T16:02:30Z,yf225,False,4,5,1
18178,2019-03-19T15:26:00Z,ezyang,False,1,0,1
18177,2019-03-19T15:19:21Z,ezyang,False,1,1,1
18176,2019-03-19T13:44:16Z,peterjc123,False,2,0,1
18170,2019-03-19T05:41:47Z,bddppq,False,0,0,0
18168,2019-03-19T03:57:19Z,ailzhang,False,5,5,1
18167,2019-03-19T03:12:14Z,kshitij12345,False,6,19,1
18166,2019-03-19T02:32:23Z,izdeby,False,6,30,0
18165,2019-03-19T02:32:16Z,izdeby,False,3,24,2
18164,2019-03-19T02:06:22Z,eellison,False,2,0,1
18163,2019-03-19T02:04:14Z,smessmer,False,0,0,0
18162,2019-03-19T02:04:07Z,smessmer,False,3,15,0
18161,2019-03-19T02:03:57Z,smessmer,False,2,6,1
18160,2019-03-19T02:03:49Z,smessmer,False,4,5,1
18159,2019-03-19T02:03:41Z,smessmer,False,1,0,1
18158,2019-03-19T02:03:33Z,smessmer,False,1,0,1
18156,2019-03-19T01:44:13Z,driazati,False,2,1,1
18155,2019-03-19T01:23:32Z,duc0,False,1,1,1
18154,2019-03-19T01:19:24Z,driazati,False,3,30,1
18152,2019-03-19T00:57:33Z,ZolotukhinM,False,6,16,2
18151,2019-03-19T00:57:27Z,ZolotukhinM,False,3,2,1
18150,2019-03-19T00:53:57Z,ZolotukhinM,False,0,0,0
18149,2019-03-19T00:53:50Z,ZolotukhinM,False,0,0,0
18148,2019-03-19T00:39:48Z,suo,False,2,2,1
18146,2019-03-18T22:40:02Z,suo,False,1,0,1
18145,2019-03-18T22:18:08Z,houseroad,False,3,0,2
18144,2019-03-18T22:01:03Z,gchanan,False,2,0,1
18141,2019-03-18T21:44:28Z,jspark1105,False,0,0,0
18140,2019-03-18T20:53:03Z,pietern,False,3,2,1
18139,2019-03-18T20:37:16Z,houseroad,False,4,0,3
18138,2019-03-18T19:57:53Z,ezyang,False,1,0,1
18137,2019-03-18T19:43:22Z,gchanan,False,2,0,1
18136,2019-03-18T19:31:25Z,zdong1995,False,2,0,1
18135,2019-03-18T18:57:32Z,gchanan,False,2,1,1
18134,2019-03-18T18:16:26Z,duc0,False,0,0,0
18132,2019-03-18T17:06:31Z,ezyang,False,0,0,0
18131,2019-03-18T17:04:54Z,ezyang,False,0,0,0
18129,2019-03-18T15:58:44Z,ggoossen,False,0,0,0
18127,2019-03-18T13:20:09Z,t-vi,False,2,0,1
18123,2019-03-18T05:21:33Z,hyuen,False,0,0,0
18121,2019-03-17T23:00:29Z,suo,False,1,0,1
18120,2019-03-17T21:58:53Z,t-vi,False,2,16,0
18118,2019-03-17T18:53:12Z,ssnl,False,2,0,1
18117,2019-03-17T18:21:27Z,bharatr21,False,1,0,0
18116,2019-03-17T17:51:21Z,vishwakftw,False,2,0,1
18115,2019-03-17T17:37:13Z,bharatr21,False,2,0,1
18114,2019-03-17T16:12:33Z,nzmora,False,2,0,1
18109,2019-03-17T03:19:20Z,lutzroeder,False,2,0,1
18107,2019-03-17T00:58:20Z,jamesr66a,False,0,0,0
18102,2019-03-16T11:23:04Z,hikjik,False,1,0,0
18100,2019-03-16T09:26:34Z,suo,False,0,0,0
18099,2019-03-16T08:50:43Z,suo,False,0,0,0
18098,2019-03-16T08:45:16Z,suo,False,0,0,0
18097,2019-03-16T08:45:08Z,suo,False,0,0,0
18093,2019-03-16T00:07:47Z,suo,False,3,2,1
18092,2019-03-15T23:38:15Z,efaust,False,5,30,1
18091,2019-03-15T23:25:45Z,mike9ant,False,5,12,1
18090,2019-03-15T23:11:04Z,smessmer,False,1,0,1
18089,2019-03-15T22:55:33Z,jianyuh,False,0,0,0
18088,2019-03-15T22:42:33Z,xw285cornell,False,0,0,0
18087,2019-03-15T22:35:09Z,ngimel,False,2,0,1
18085,2019-03-15T21:57:17Z,cpuhrsch,False,0,0,0
18084,2019-03-15T21:51:02Z,jspark1105,False,0,0,0
18082,2019-03-15T21:26:38Z,izdeby,False,3,14,0
18081,2019-03-15T21:00:19Z,wanchaol,False,6,17,1
18080,2019-03-15T20:12:53Z,xiaomengy,False,1,0,1
18079,2019-03-15T20:01:11Z,ssnl,False,4,2,1
18077,2019-03-15T19:59:03Z,ezyang,False,0,0,0
18076,2019-03-15T19:58:58Z,ezyang,False,0,0,0
18075,2019-03-15T19:40:07Z,cpuhrsch,False,2,0,1
18073,2019-03-15T19:14:49Z,gchanan,False,1,0,1
18072,2019-03-15T19:14:33Z,gchanan,False,1,0,1
18071,2019-03-15T18:40:46Z,eellison,False,2,0,1
18070,2019-03-15T18:32:27Z,jackm321,False,1,0,1
18069,2019-03-15T17:34:32Z,ezyang,False,0,0,0
18068,2019-03-15T17:33:47Z,ezyang,False,0,0,0
18063,2019-03-15T16:38:39Z,royju,False,4,30,2
18061,2019-03-15T16:28:15Z,gchanan,False,2,0,1
18060,2019-03-15T16:00:06Z,vishwakftw,False,3,4,1
18059,2019-03-15T15:57:38Z,HuitongQiu,False,2,2,1
18058,2019-03-15T13:56:33Z,zhangguanheng66,False,0,0,0
18055,2019-03-15T10:51:29Z,f0k,False,4,8,1
18054,2019-03-15T10:49:52Z,ControllableGeneration,False,0,0,0
18052,2019-03-15T08:27:51Z,bddppq,False,1,0,1
18051,2019-03-15T02:52:17Z,smessmer,False,0,0,0
18050,2019-03-15T02:12:11Z,junjihashimoto,False,2,1,1
18047,2019-03-15T00:16:39Z,BowenBao,False,2,0,1
18046,2019-03-14T23:54:26Z,dylanbespalko,False,0,0,0
18045,2019-03-14T22:43:32Z,ailzhang,False,3,1,1
18044,2019-03-14T21:51:12Z,gchanan,False,3,2,1
18043,2019-03-14T21:50:54Z,bddppq,False,2,0,1
18042,2019-03-14T21:32:58Z,zhangguanheng66,False,1,0,0
18040,2019-03-14T20:25:52Z,duc0,False,0,0,0
18039,2019-03-14T20:23:00Z,yinghai,False,0,0,0
18038,2019-03-14T20:16:53Z,smessmer,False,2,4,1
18037,2019-03-14T20:16:45Z,smessmer,False,0,0,0
18036,2019-03-14T20:16:37Z,smessmer,False,2,2,1
18035,2019-03-14T20:15:04Z,ezyang,False,0,0,0
18034,2019-03-14T20:14:53Z,ezyang,False,0,0,0
18033,2019-03-14T20:14:45Z,ezyang,False,0,0,0
18031,2019-03-14T19:45:51Z,bddppq,False,2,0,1
18030,2019-03-14T19:38:50Z,suo,False,1,0,1
18029,2019-03-14T19:31:49Z,gchanan,False,1,0,0
18028,2019-03-14T18:31:05Z,houseroad,False,0,0,0
18026,2019-03-14T18:12:27Z,xiaomengy,False,1,0,1
18025,2019-03-14T18:02:24Z,vishwakftw,False,3,3,1
18024,2019-03-14T17:58:07Z,houseroad,False,0,0,0
18023,2019-03-14T17:00:03Z,ezyang,False,0,0,0
18022,2019-03-14T16:48:19Z,ezyang,False,0,0,0
18021,2019-03-14T16:43:58Z,ezyang,False,3,4,1
18020,2019-03-14T16:25:41Z,xmnlab,False,2,30,0
18019,2019-03-14T16:03:16Z,BARBAPAPA215,False,2,0,1
18018,2019-03-14T15:51:56Z,isameer,False,3,0,2
18017,2019-03-14T15:22:08Z,ttup7777,False,2,0,1
18016,2019-03-14T15:16:45Z,ezyang,False,0,0,0
18010,2019-03-14T06:22:15Z,SuperIRabbit,False,0,0,0
18009,2019-03-14T04:32:37Z,jspark1105,False,0,0,0
18008,2019-03-14T04:10:08Z,peterjc123,False,2,0,1
18007,2019-03-14T02:10:54Z,iotamudelta,False,3,7,1
18006,2019-03-14T01:44:33Z,ezyang,False,1,0,1
18001,2019-03-13T22:42:08Z,sampepose,False,2,9,1
17999,2019-03-13T22:16:30Z,eellison,False,3,10,0
17997,2019-03-13T21:42:59Z,sampepose,False,0,0,0
17996,2019-03-13T21:34:40Z,gchanan,False,3,2,1
17995,2019-03-13T21:02:11Z,houseroad,False,2,0,1
17993,2019-03-13T20:36:41Z,zou3519,False,1,0,1
17991,2019-03-13T19:43:39Z,li-roy,False,4,23,1
17989,2019-03-13T18:44:04Z,vaeksare,False,2,0,1
17987,2019-03-13T18:34:07Z,izdeby,False,1,0,0
17986,2019-03-13T18:24:55Z,ailzhang,False,4,10,1
17985,2019-03-13T18:17:32Z,resistor,False,0,0,0
17980,2019-03-13T14:59:13Z,gchanan,False,2,0,1
17979,2019-03-13T14:59:10Z,gchanan,False,2,0,1
17978,2019-03-13T14:56:18Z,gchanan,False,2,0,2
17977,2019-03-13T14:56:15Z,gchanan,False,2,0,1
17975,2019-03-13T14:30:59Z,ezyang,False,0,0,0
17974,2019-03-13T14:18:28Z,deepali-c,False,2,0,1
17973,2019-03-13T12:38:45Z,livc,False,2,0,1
17969,2019-03-13T10:31:10Z,tunz,False,3,2,1
17967,2019-03-13T09:01:55Z,gemfield,False,0,0,0
17965,2019-03-13T07:40:21Z,suo,False,1,0,1
17964,2019-03-13T07:36:53Z,yinghai,False,0,0,0
17963,2019-03-13T07:30:22Z,bddppq,False,2,0,1
17961,2019-03-13T05:56:27Z,bddppq,False,2,0,1
17959,2019-03-13T05:35:09Z,elliotwaite,False,2,0,1
17958,2019-03-13T05:31:48Z,jspark1105,False,0,0,0
17957,2019-03-13T04:42:34Z,houseroad,False,1,0,1
17956,2019-03-13T04:32:20Z,wat3rBro,False,1,0,1
17955,2019-03-13T03:36:18Z,PenghuiCheng,False,3,2,1
17954,2019-03-13T02:51:01Z,peterjc123,False,2,0,1
17952,2019-03-13T02:22:44Z,kennyhorror,False,0,0,0
17951,2019-03-13T00:21:22Z,driazati,False,3,4,1
17949,2019-03-12T22:57:46Z,iotamudelta,False,2,0,1
17948,2019-03-12T22:55:20Z,bddppq,False,2,0,1
17947,2019-03-12T22:54:11Z,suo,False,3,2,1
17946,2019-03-12T22:32:10Z,smessmer,False,1,0,1
17945,2019-03-12T22:23:14Z,xiaomengy,False,1,0,1
17944,2019-03-12T22:04:53Z,ezyang,False,1,0,1
17943,2019-03-12T21:54:07Z,pietern,False,1,0,1
17942,2019-03-12T21:51:19Z,duc0,False,2,1,1
17940,2019-03-12T21:27:27Z,bddppq,False,0,0,0
17939,2019-03-12T21:19:40Z,jspark1105,False,0,0,0
17938,2019-03-12T21:09:47Z,kostmo,False,2,0,1
17934,2019-03-12T19:30:45Z,xianjiec,False,0,0,0
17931,2019-03-12T18:53:54Z,duc0,False,0,0,0
17927,2019-03-12T18:06:38Z,zou3519,False,1,0,1
17926,2019-03-12T18:06:33Z,zou3519,False,2,4,1
17925,2019-03-12T18:02:03Z,smessmer,False,1,0,1
17924,2019-03-12T16:59:55Z,eellison,False,2,0,1
17922,2019-03-12T16:37:12Z,t-vi,False,1,0,0
17921,2019-03-12T16:17:17Z,ailzhang,False,2,0,1
17917,2019-03-12T14:41:00Z,blackm00n,False,0,0,0
17916,2019-03-12T14:31:08Z,peterjc123,False,1,0,0
17915,2019-03-12T14:12:38Z,t-vi,False,2,0,1
17905,2019-03-12T06:38:09Z,zhengwy888,False,0,0,0
17904,2019-03-12T05:34:51Z,vishwakftw,False,2,1,1
17899,2019-03-12T00:05:37Z,houseroad,False,3,2,1
17895,2019-03-11T22:40:52Z,BowenBao,False,3,10,1
17894,2019-03-11T22:38:24Z,BowenBao,False,4,9,1
17892,2019-03-11T22:22:38Z,z-yin,False,2,0,1
17891,2019-03-11T22:13:34Z,serhii-havrylov,False,2,0,1
17890,2019-03-11T21:49:31Z,serhii-havrylov,False,0,0,0
17889,2019-03-11T21:37:03Z,wat3rBro,False,0,0,0
17886,2019-03-11T21:24:55Z,eellison,False,2,1,1
17885,2019-03-11T21:07:33Z,hyuen,False,0,0,0
17884,2019-03-11T21:05:19Z,ericnakagawa,False,0,0,0
17883,2019-03-11T21:02:08Z,pietern,False,2,0,1
17878,2019-03-11T20:06:32Z,ezyang,False,1,0,1
17877,2019-03-11T18:39:37Z,driazati,False,0,0,0
17876,2019-03-11T18:33:45Z,ericnakagawa,False,0,0,0
17875,2019-03-11T18:30:35Z,eellison,False,5,4,1
17873,2019-03-11T17:51:20Z,izdeby,False,2,0,1
17870,2019-03-11T15:57:51Z,iotamudelta,False,2,0,1
17868,2019-03-11T15:18:15Z,gchanan,False,2,0,1
17867,2019-03-11T14:53:29Z,zhangguanheng66,False,0,0,0
17866,2019-03-11T12:52:19Z,vishwakftw,False,2,0,1
17865,2019-03-11T11:27:35Z,peterjc123,False,0,0,0
17864,2019-03-11T10:18:32Z,peterjc123,False,1,0,0
17863,2019-03-11T09:31:46Z,peterjc123,False,1,0,0
17862,2019-03-11T09:15:31Z,ghost,False,2,3,1
17860,2019-03-11T06:20:22Z,yinghai,False,0,0,0
17859,2019-03-11T04:52:23Z,suo,False,1,0,1
17856,2019-03-11T03:46:47Z,suo,False,4,17,1
17855,2019-03-11T03:46:39Z,suo,False,0,0,0
17851,2019-03-10T17:37:13Z,ssnl,False,1,0,0
17847,2019-03-10T02:22:56Z,dlibenzi,False,5,30,1
17846,2019-03-10T00:36:38Z,jamesr66a,False,2,0,1
17844,2019-03-09T20:57:49Z,ilia-cher,False,4,30,0
17841,2019-03-09T15:44:15Z,sighingnow,False,2,0,1
17838,2019-03-09T09:30:00Z,zdevito,False,0,0,0
17837,2019-03-09T08:30:32Z,lopuhin,False,2,0,1
17836,2019-03-09T08:30:26Z,lopuhin,False,2,0,1
17833,2019-03-09T04:16:29Z,li-roy,False,2,0,1
17831,2019-03-09T02:04:48Z,bddppq,False,2,0,1
17830,2019-03-09T01:16:30Z,spandantiwari,False,3,20,1
17829,2019-03-08T23:52:45Z,houseroad,False,0,0,0
17828,2019-03-08T23:38:15Z,driazati,False,1,0,0
17827,2019-03-08T23:27:24Z,smessmer,False,0,0,0
17826,2019-03-08T23:20:01Z,driazati,False,2,1,1
17824,2019-03-08T22:26:16Z,t-vi,False,2,0,1
17823,2019-03-08T22:09:40Z,ezyang,False,1,0,1
17822,2019-03-08T22:08:49Z,andrastantos,False,2,0,1
17821,2019-03-08T22:05:11Z,ezyang,False,1,0,1
17820,2019-03-08T22:02:56Z,ezyang,False,2,1,0
17818,2019-03-08T21:44:50Z,smessmer,False,1,0,1
17817,2019-03-08T21:23:35Z,eellison,False,4,8,1
17816,2019-03-08T20:53:19Z,wanchaol,False,3,1,2
17815,2019-03-08T19:57:07Z,ezyang,False,1,0,1
17814,2019-03-08T19:51:51Z,ezyang,False,0,0,0
17813,2019-03-08T19:49:47Z,ezyang,False,0,0,0
17812,2019-03-08T19:05:44Z,ezyang,False,1,0,1
17811,2019-03-08T19:00:21Z,ezyang,False,0,0,0
17810,2019-03-08T19:00:14Z,ezyang,False,1,0,1
17809,2019-03-08T18:54:34Z,ezyang,False,0,0,0
17808,2019-03-08T18:52:34Z,resistor,False,2,0,1
17807,2019-03-08T18:35:39Z,ezyang,False,1,1,1
17806,2019-03-08T18:28:54Z,cpuhrsch,False,2,0,0
17805,2019-03-08T18:22:06Z,cpuhrsch,False,2,0,1
17804,2019-03-08T16:04:55Z,jainkunal,False,2,0,1
17803,2019-03-08T15:24:01Z,ezyang,False,0,0,0
17802,2019-03-08T15:21:25Z,ezyang,False,0,0,0
17799,2019-03-08T13:59:21Z,peterjc123,False,2,0,1
17795,2019-03-08T07:36:09Z,dzhulgakov,False,3,0,2
17792,2019-03-08T03:22:57Z,li-roy,False,2,2,1
17791,2019-03-08T02:39:02Z,peterjc123,False,0,0,0
17790,2019-03-08T01:54:52Z,gchanan,False,2,0,1
17789,2019-03-08T01:52:55Z,gchanan,False,2,0,1
17788,2019-03-08T00:54:10Z,jamesr66a,False,4,4,1
17787,2019-03-08T00:27:50Z,li-roy,False,0,0,0
17786,2019-03-08T00:27:42Z,li-roy,False,1,2,1
17785,2019-03-08T00:27:32Z,li-roy,False,1,0,1
17784,2019-03-07T23:48:00Z,ZolotukhinM,False,2,0,1
17783,2019-03-07T23:47:15Z,kostmo,False,8,14,2
17782,2019-03-07T23:44:23Z,gchanan,False,2,0,1
17781,2019-03-07T22:54:30Z,smessmer,False,2,9,1
17780,2019-03-07T22:51:31Z,smessmer,False,2,4,0
17779,2019-03-07T22:51:23Z,smessmer,False,2,4,1
17778,2019-03-07T22:32:41Z,xzhu1900,False,2,0,1
17777,2019-03-07T22:21:15Z,petrex,False,1,1,0
17776,2019-03-07T21:23:37Z,ezyang,False,0,0,0
17775,2019-03-07T20:53:41Z,yinghai,False,0,0,0
17772,2019-03-07T20:48:40Z,xiaomengy,False,0,0,0
17771,2019-03-07T20:47:50Z,spandantiwari,False,1,0,0
17770,2019-03-07T20:42:32Z,ahhegazy,False,0,0,0
17769,2019-03-07T20:31:45Z,izdeby,False,2,0,1
17768,2019-03-07T20:12:30Z,zhangguanheng66,False,0,0,0
17767,2019-03-07T20:08:32Z,houseroad,False,1,0,0
17766,2019-03-07T20:06:19Z,zhangguanheng66,False,0,0,0
17764,2019-03-07T19:18:25Z,jerryzh168,False,0,0,0
17763,2019-03-07T19:15:13Z,Krovatkin,False,3,3,1
17762,2019-03-07T19:14:42Z,smessmer,False,0,0,0
17761,2019-03-07T19:11:42Z,danpovey,False,1,0,0
17760,2019-03-07T19:00:38Z,zhangguanheng66,False,0,0,0
17759,2019-03-07T18:50:53Z,eellison,False,2,1,1
17758,2019-03-07T18:45:26Z,zhangguanheng66,False,0,0,0
17756,2019-03-07T18:01:21Z,ailzhang,False,3,1,3
17755,2019-03-07T17:27:58Z,li-roy,False,2,1,1
17754,2019-03-07T17:25:12Z,zhangguanheng66,False,0,0,0
17753,2019-03-07T17:22:09Z,izdeby,False,2,0,1
17752,2019-03-07T17:00:28Z,ezyang,False,1,0,1
17748,2019-03-07T14:30:35Z,jgong5,False,4,30,0
17747,2019-03-07T14:10:58Z,TsimafeiKhatkevich,False,0,0,0
17744,2019-03-07T11:03:51Z,youkaichao,False,1,0,0
17743,2019-03-07T07:21:28Z,smessmer,False,2,19,1
17742,2019-03-07T07:21:21Z,smessmer,False,1,0,1
17741,2019-03-07T06:45:14Z,ezyang,False,0,0,0
17740,2019-03-07T03:33:28Z,ezyang,False,0,0,0
17739,2019-03-07T03:29:17Z,ezyang,False,0,0,0
17737,2019-03-07T01:53:48Z,ZolotukhinM,False,2,0,1
17736,2019-03-07T01:35:42Z,houseroad,False,3,0,2
17735,2019-03-07T00:23:32Z,ZolotukhinM,False,2,0,1
17734,2019-03-06T23:49:12Z,yinghai,False,0,0,0
17733,2019-03-06T23:38:19Z,bhushan23,False,5,12,1
17732,2019-03-06T23:23:43Z,driazati,False,2,0,1
17731,2019-03-06T23:09:38Z,ssnl,False,4,5,1
17730,2019-03-06T22:23:46Z,zhangguanheng66,False,4,8,1
17729,2019-03-06T22:16:39Z,smessmer,False,0,0,0
17728,2019-03-06T21:56:38Z,musikisomorphie,False,0,0,0
17727,2019-03-06T21:47:42Z,driazati,False,3,0,1
17726,2019-03-06T21:44:38Z,ahhegazy,False,0,0,0
17725,2019-03-06T21:44:22Z,houseroad,False,0,0,0
17724,2019-03-06T21:05:44Z,bhushan23,False,2,0,1
17723,2019-03-06T20:42:41Z,li-roy,False,3,4,1
17722,2019-03-06T20:17:16Z,smessmer,False,1,0,1
17721,2019-03-06T19:53:20Z,eellison,False,2,0,1
17720,2019-03-06T19:40:01Z,pietern,False,2,0,1
17719,2019-03-06T19:16:28Z,ssnl,False,1,0,0
17718,2019-03-06T18:41:00Z,pietern,False,2,0,1
17717,2019-03-06T15:54:53Z,ssnl,False,4,4,1
17715,2019-03-06T13:56:19Z,deepali-c,False,2,0,1
17710,2019-03-06T06:46:38Z,bddppq,False,2,0,1
17708,2019-03-06T05:40:12Z,houseroad,False,2,0,1
17707,2019-03-06T05:11:03Z,peterjc123,False,3,0,2
17706,2019-03-06T05:01:09Z,peterjc123,False,2,0,1
17705,2019-03-06T04:04:10Z,ssnl,False,2,0,1
17702,2019-03-06T02:35:31Z,wanchaol,False,3,0,2
17700,2019-03-06T00:10:50Z,csummersea,False,0,0,0
17698,2019-03-05T22:18:38Z,lara-hdr,False,3,3,2
17696,2019-03-05T21:21:30Z,spandantiwari,False,2,1,1
17695,2019-03-05T20:47:17Z,eellison,False,2,0,0
17694,2019-03-05T20:31:24Z,duc0,False,1,0,1
17693,2019-03-05T20:17:04Z,duc0,False,0,0,0
17692,2019-03-05T20:01:34Z,bwasti,False,0,0,0
17691,2019-03-05T19:56:09Z,ailzhang,False,2,0,1
17690,2019-03-05T19:47:05Z,patmellon,False,3,2,1
17689,2019-03-05T18:50:05Z,emankov,False,1,0,0
17687,2019-03-05T17:59:55Z,eellison,False,2,0,1
17686,2019-03-05T16:45:57Z,iotamudelta,False,2,0,1
17685,2019-03-05T16:38:51Z,iotamudelta,False,2,0,1
17684,2019-03-05T16:05:10Z,jspark1105,False,0,0,0
17681,2019-03-05T12:43:23Z,SkafteNicki,False,3,1,2
17679,2019-03-05T10:30:22Z,Stonesjtu,False,5,5,1
17676,2019-03-05T07:35:24Z,houseroad,False,1,0,1
17675,2019-03-05T02:40:11Z,peterjc123,False,2,0,1
17674,2019-03-05T01:02:09Z,soumith,False,1,0,0
17673,2019-03-05T00:36:06Z,smessmer,False,0,0,0
17672,2019-03-04T23:53:52Z,houseroad,False,0,0,0
17671,2019-03-04T23:38:29Z,frenchtoasters,False,0,0,0
17670,2019-03-04T23:29:23Z,xiaomengy,False,0,0,0
17668,2019-03-04T22:42:02Z,mrmiywj,False,2,0,1
17667,2019-03-04T22:32:50Z,jjsjann123,False,3,3,1
17665,2019-03-04T20:46:17Z,jamesr66a,False,5,11,0
17664,2019-03-04T20:22:22Z,pjh5,False,0,0,0
17661,2019-03-04T18:45:12Z,dlibenzi,False,1,0,0
17660,2019-03-04T18:37:29Z,smessmer,False,0,0,0
17659,2019-03-04T18:31:42Z,smessmer,False,1,0,1
17653,2019-03-04T11:52:22Z,youkaichao,False,2,0,1
17651,2019-03-04T05:10:58Z,bhushan23,False,5,0,4
17649,2019-03-03T23:21:26Z,bhushan23,False,2,0,1
17648,2019-03-03T22:40:13Z,ReyhaneAskari,False,0,0,0
17647,2019-03-03T22:11:21Z,gokul-uf,False,1,1,0
17645,2019-03-03T13:46:17Z,bhushan23,False,2,0,1
17642,2019-03-03T04:14:58Z,jrichterpowell,False,2,0,1
17641,2019-03-03T02:26:03Z,wkcn,False,2,0,1
17640,2019-03-02T22:14:39Z,pritamdamania87,False,1,0,1
17638,2019-03-02T20:04:28Z,cpuhrsch,False,2,1,1
17637,2019-03-02T17:33:30Z,t-vi,False,3,0,2
17636,2019-03-02T16:48:21Z,bryanhe,False,3,2,1
17631,2019-03-02T02:23:20Z,cpuhrsch,False,2,0,1
17629,2019-03-02T01:17:09Z,cpuhrsch,False,2,0,1
17628,2019-03-02T00:45:51Z,suo,False,2,3,1
17627,2019-03-01T23:25:18Z,Roulbac,False,1,0,0
17626,2019-03-01T22:30:59Z,smessmer,False,0,0,0
17625,2019-03-01T22:27:58Z,smessmer,False,0,0,0
17624,2019-03-01T22:24:06Z,suo,False,1,0,1
17623,2019-03-01T20:02:37Z,ezyang,False,0,0,0
17622,2019-03-01T20:00:39Z,eellison,False,2,1,1
17620,2019-03-01T18:59:40Z,kostmo,False,0,0,0
17619,2019-03-01T18:27:55Z,amylittleyang,False,0,0,0
17618,2019-03-01T17:52:08Z,kazhang,False,1,0,1
17611,2019-03-01T07:52:28Z,wanchaol,False,2,1,1
17610,2019-03-01T07:49:36Z,t-vi,False,2,0,1
17608,2019-03-01T06:18:56Z,peterjc123,False,2,0,1
17607,2019-03-01T06:09:27Z,peterjc123,False,2,0,1
17605,2019-03-01T04:40:21Z,bddppq,False,2,0,1
17604,2019-03-01T04:32:22Z,xiaomengy,False,1,0,1
17603,2019-03-01T02:57:11Z,li-roy,False,1,12,0
17602,2019-03-01T01:37:59Z,li-roy,False,2,0,1
17601,2019-03-01T01:21:51Z,li-roy,False,1,4,1
17600,2019-03-01T01:12:48Z,eellison,False,0,0,0
17599,2019-03-01T01:07:41Z,smessmer,False,1,0,1
17598,2019-03-01T01:01:15Z,jithunnair-amd,False,2,0,1
17597,2019-03-01T00:41:00Z,driazati,False,0,0,0
17596,2019-02-28T23:14:04Z,smessmer,False,2,4,1
17595,2019-02-28T21:29:42Z,smessmer,False,0,0,0
17594,2019-02-28T20:58:41Z,suo,False,1,0,1
17593,2019-02-28T20:49:22Z,ssnl,False,3,2,1
17592,2019-02-28T20:36:01Z,mdschatz,False,3,1,1
17591,2019-02-28T20:20:19Z,izdeby,False,3,0,2
17590,2019-02-28T19:56:30Z,ezyang,False,0,0,0
17589,2019-02-28T19:54:40Z,ezyang,False,0,0,0
17588,2019-02-28T19:50:42Z,ezyang,False,0,0,0
17587,2019-02-28T19:50:21Z,driazati,False,2,0,1
17586,2019-02-28T19:48:20Z,ezyang,False,0,0,0
17585,2019-02-28T18:51:31Z,suo,False,2,4,1
17582,2019-02-28T18:24:56Z,ifedan,False,3,30,0
17581,2019-02-28T17:58:02Z,eellison,False,4,23,1
17580,2019-02-28T17:31:21Z,zou3519,False,1,1,1
17579,2019-02-28T16:06:52Z,smessmer,False,0,0,0
17578,2019-02-28T16:00:14Z,VitalyFedyunin,False,1,0,0
17576,2019-02-28T15:16:03Z,zou3519,False,3,0,1
17570,2019-02-28T10:32:52Z,musikisomorphie,False,0,0,0
17567,2019-02-28T05:17:23Z,peterjc123,False,2,0,1
17565,2019-02-28T04:28:44Z,umanwizard,False,4,5,2
17564,2019-02-28T04:21:14Z,dzhulgakov,False,2,0,0
17563,2019-02-28T03:24:15Z,gemfield,False,2,0,1
17562,2019-02-28T02:22:20Z,smessmer,False,1,0,1
17561,2019-02-28T02:22:13Z,smessmer,False,1,0,1
17559,2019-02-28T00:59:15Z,dlibenzi,False,2,0,3
17557,2019-02-27T23:23:38Z,zdevito,False,2,0,1
17555,2019-02-27T21:00:18Z,iotamudelta,False,1,0,0
17552,2019-02-27T20:06:08Z,yf225,False,6,30,2
17551,2019-02-27T19:55:33Z,houseroad,False,5,7,2
17550,2019-02-27T19:35:05Z,lara-hdr,False,2,0,2
17549,2019-02-27T19:20:26Z,olittle,False,0,0,0
17548,2019-02-27T18:35:45Z,hyuen,False,0,0,0
17545,2019-02-27T17:07:40Z,kimishpatel,False,0,0,0
17544,2019-02-27T16:21:21Z,t-vi,False,3,4,1
17540,2019-02-27T08:29:59Z,gqchen,False,1,0,0
17539,2019-02-27T08:07:35Z,xiaomengy,False,1,0,1
17536,2019-02-27T03:19:00Z,izdeby,False,4,4,1
17535,2019-02-27T02:51:53Z,bhushan23,False,4,6,1
17533,2019-02-27T01:52:34Z,wanchaol,False,3,4,1
17530,2019-02-27T01:37:13Z,li-roy,False,1,0,1
17529,2019-02-27T01:37:04Z,li-roy,False,1,0,1
17528,2019-02-27T00:59:15Z,suo,False,1,0,1
17527,2019-02-27T00:58:55Z,li-roy,False,2,9,1
17526,2019-02-27T00:55:05Z,suo,False,0,0,0
17524,2019-02-27T00:22:18Z,ilia-cher,False,0,0,0
17523,2019-02-27T00:11:53Z,ailzhang,False,4,13,1
17522,2019-02-26T23:56:31Z,smessmer,False,1,0,1
17521,2019-02-26T23:39:10Z,hysts,False,2,0,1
17518,2019-02-26T22:28:07Z,eellison,False,2,3,1
17517,2019-02-26T22:25:20Z,wanchaol,False,0,0,0
17516,2019-02-26T22:21:46Z,pjh5,False,3,2,1
17515,2019-02-26T22:15:05Z,li-roy,False,1,0,1
17513,2019-02-26T21:25:48Z,li-roy,False,1,5,0
17512,2019-02-26T21:07:26Z,VitalyFedyunin,False,5,8,0
17511,2019-02-26T20:37:33Z,suo,False,2,4,1
17510,2019-02-26T19:38:03Z,ezyang,False,0,0,0
17509,2019-02-26T19:37:58Z,ezyang,False,0,0,0
17508,2019-02-26T19:35:11Z,ezyang,False,0,0,0
17507,2019-02-26T19:35:03Z,ezyang,False,0,0,0
17505,2019-02-26T18:27:21Z,brianjo,False,3,0,2
17503,2019-02-26T17:00:20Z,mfuntowicz,False,4,2,1
17498,2019-02-26T08:09:41Z,liangdzou,False,2,0,1
17497,2019-02-26T08:07:31Z,houseroad,False,0,0,0
17496,2019-02-26T07:36:47Z,jspark1105,False,0,0,0
17494,2019-02-26T05:41:25Z,peterjc123,False,2,0,1
17491,2019-02-26T02:06:30Z,smessmer,False,2,3,1
17490,2019-02-26T02:05:48Z,xiaomengy,False,0,0,0
17488,2019-02-26T01:25:39Z,neerajprad,False,3,1,1
17487,2019-02-26T01:10:30Z,kostmo,False,2,2,0
17486,2019-02-26T00:37:43Z,eellison,False,2,0,1
17485,2019-02-26T00:31:54Z,kostmo,False,3,2,2
17482,2019-02-25T23:05:40Z,dzhulgakov,False,0,0,0
17481,2019-02-25T22:02:11Z,smessmer,False,0,0,0
17480,2019-02-25T21:37:23Z,suo,False,1,0,1
17478,2019-02-25T21:06:21Z,zrphercule,False,0,0,0
17477,2019-02-25T20:22:41Z,houseroad,False,2,0,1
17476,2019-02-25T18:33:23Z,suo,False,3,0,1
17475,2019-02-25T18:27:12Z,emankov,False,2,30,0
17474,2019-02-25T17:44:16Z,yf225,False,2,0,1
17473,2019-02-25T17:38:52Z,iotamudelta,False,3,0,1
17472,2019-02-25T17:35:27Z,iotamudelta,False,3,0,1
17471,2019-02-25T17:30:01Z,eellison,False,3,2,1
17470,2019-02-25T17:11:23Z,ailzhang,False,2,0,1
17469,2019-02-25T15:45:45Z,ezyang,False,2,1,1
17468,2019-02-25T15:10:01Z,dnbaker,False,3,4,0
17467,2019-02-25T13:24:53Z,krishnakalyan3,False,2,0,1
17464,2019-02-25T08:10:54Z,gujinghui,False,0,0,0
17462,2019-02-25T07:41:31Z,bhushan23,False,2,0,2
17461,2019-02-25T07:37:32Z,ahhegazy,False,0,0,0
17460,2019-02-25T06:50:57Z,houseroad,False,0,0,0
17456,2019-02-25T01:20:29Z,jspark1105,False,0,0,0
17454,2019-02-24T22:22:57Z,suo,False,2,0,1
17453,2019-02-24T21:08:48Z,suo,False,2,0,1
17452,2019-02-24T20:41:25Z,suo,False,2,0,1
17450,2019-02-24T20:04:22Z,suo,False,2,0,1
17447,2019-02-24T17:09:18Z,dai-dao,False,2,2,0
17446,2019-02-24T10:44:19Z,TheCodez,False,6,7,2
17444,2019-02-24T08:54:33Z,t-vi,False,0,0,0
17443,2019-02-24T07:56:11Z,musikisomorphie,False,3,0,1
17442,2019-02-24T07:45:50Z,musikisomorphie,False,0,0,0
17440,2019-02-24T06:58:54Z,musikisomorphie,False,0,0,0
17439,2019-02-24T04:50:23Z,mrshenli,False,2,0,1
17436,2019-02-23T22:23:33Z,bhushan23,False,4,18,2
17435,2019-02-23T18:58:32Z,vishwakftw,False,0,0,0
17434,2019-02-23T17:47:24Z,t-vi,False,2,0,1
17432,2019-02-23T08:23:19Z,krishnakalyan3,False,2,0,1
17430,2019-02-23T06:33:50Z,houseroad,False,2,0,1
17428,2019-02-23T02:23:48Z,jjsjann123,False,5,29,1
17427,2019-02-23T00:45:42Z,kostmo,False,2,9,1
17424,2019-02-22T23:55:08Z,eellison,False,5,3,2
17423,2019-02-22T23:47:20Z,driazati,False,5,30,1
17421,2019-02-22T22:48:46Z,vfdev-5,False,1,0,0
17420,2019-02-22T22:43:31Z,spandantiwari,False,3,6,1
17419,2019-02-22T21:51:43Z,houseroad,False,2,0,1
17418,2019-02-22T21:42:28Z,jspark1105,False,0,0,0
17417,2019-02-22T21:39:00Z,jspark1105,False,0,0,0
17416,2019-02-22T21:33:09Z,bddppq,False,2,0,1
17414,2019-02-22T21:18:05Z,eellison,False,4,7,1
17412,2019-02-22T20:35:58Z,lara-hdr,False,3,7,1
17411,2019-02-22T20:03:45Z,houseroad,False,0,0,0
17410,2019-02-22T18:57:40Z,houseroad,False,3,0,2
17409,2019-02-22T18:40:47Z,jaliyae,False,3,0,2
17408,2019-02-22T17:55:14Z,skrah,False,2,0,1
17407,2019-02-22T17:43:23Z,jspark1105,False,0,0,0
17406,2019-02-22T17:36:24Z,gchanan,False,3,7,1
17405,2019-02-22T17:04:12Z,ezyang,False,0,0,0
17404,2019-02-22T17:04:08Z,ezyang,False,0,0,0
17402,2019-02-22T16:24:53Z,skrah,False,1,0,0
17401,2019-02-22T16:22:24Z,ezyang,False,0,0,0
17400,2019-02-22T16:11:44Z,mayuri95,False,0,0,0
17396,2019-02-22T14:23:05Z,HRK44,False,3,2,0
17393,2019-02-22T09:21:08Z,gemfield,False,1,0,0
17392,2019-02-22T08:54:05Z,gemfield,False,0,0,0
17391,2019-02-22T08:18:23Z,jspark1105,False,0,0,0
17390,2019-02-22T05:34:45Z,vishwakftw,False,2,0,1
17388,2019-02-22T03:04:15Z,ezyang,False,0,0,0
17387,2019-02-22T01:48:42Z,cpuhrsch,False,2,0,1
17386,2019-02-22T01:41:55Z,cpuhrsch,False,4,8,2
17385,2019-02-22T01:26:50Z,cpuhrsch,False,4,30,0
17384,2019-02-22T00:29:15Z,ilia-cher,False,0,0,0
17383,2019-02-22T00:18:14Z,eellison,False,3,8,1
17382,2019-02-22T00:13:00Z,lara-hdr,False,2,0,1
17381,2019-02-22T00:11:25Z,pjh5,False,3,3,1
17380,2019-02-21T23:49:20Z,maximegregoire,False,2,2,0
17379,2019-02-21T23:45:35Z,gchanan,False,2,0,1
17378,2019-02-21T23:41:51Z,ZolotukhinM,False,3,2,1
17376,2019-02-21T23:09:49Z,izdeby,False,4,30,0
17375,2019-02-21T22:06:30Z,yinghai,False,0,0,0
17373,2019-02-21T21:43:28Z,gchanan,False,1,0,0
17372,2019-02-21T21:09:54Z,ZolotukhinM,False,2,0,1
17371,2019-02-21T20:55:46Z,yf225,False,2,0,1
17370,2019-02-21T20:46:39Z,izdeby,False,2,0,1
17367,2019-02-21T19:53:30Z,iotamudelta,False,2,1,1
17366,2019-02-21T19:46:14Z,soumith,False,2,0,1
17365,2019-02-21T19:34:08Z,acburigo,False,2,0,1
17363,2019-02-21T18:18:43Z,ssnl,False,3,2,1
17361,2019-02-21T18:14:47Z,asuhan,False,4,2,1
17360,2019-02-21T17:53:53Z,acburigo,False,1,0,0
17358,2019-02-21T17:17:39Z,vishwakftw,False,3,3,1
17353,2019-02-21T15:04:06Z,ezyang,False,0,0,0
17352,2019-02-21T14:47:21Z,soumith,False,1,0,0
17351,2019-02-21T12:52:18Z,ZhuBaohe,False,1,0,0
17348,2019-02-21T09:26:23Z,vishwakftw,False,4,6,1
17344,2019-02-21T06:43:26Z,kostmo,False,0,0,0
17343,2019-02-21T06:05:16Z,chandlerzuo,False,0,0,0
17341,2019-02-21T03:58:58Z,peterjc123,False,2,0,1
17340,2019-02-21T01:55:49Z,cpuhrsch,False,2,0,1
17339,2019-02-21T01:45:11Z,zdevito,False,2,0,1
17338,2019-02-21T01:41:02Z,ezyang,False,1,0,1
17337,2019-02-21T01:39:49Z,soumith,False,4,2,1
17333,2019-02-21T01:27:49Z,soumith,False,1,0,0
17331,2019-02-21T01:15:55Z,bddppq,False,1,0,0
17330,2019-02-21T01:09:59Z,ngimel,False,3,6,1
17329,2019-02-21T01:08:26Z,bddppq,False,1,0,0
17328,2019-02-21T00:55:47Z,soumith,False,3,1,1
17325,2019-02-21T00:45:52Z,kostmo,False,1,0,1
17324,2019-02-21T00:21:18Z,gchanan,False,3,5,1
17323,2019-02-21T00:03:03Z,kostmo,False,2,15,1
17321,2019-02-20T23:28:36Z,suo,False,2,0,1
17320,2019-02-20T22:47:36Z,ezyang,False,0,0,0
17319,2019-02-20T22:42:41Z,ezyang,False,0,0,0
17318,2019-02-20T22:13:07Z,kostmo,False,0,0,0
17317,2019-02-20T21:50:46Z,zdevito,False,3,2,1
17316,2019-02-20T21:39:17Z,eellison,False,2,0,1
17314,2019-02-20T21:19:17Z,suo,False,4,30,1
17312,2019-02-20T20:31:46Z,ezyang,False,0,0,0
17311,2019-02-20T20:17:56Z,zdevito,False,1,2,0
17310,2019-02-20T19:28:51Z,bwasti,False,0,0,0
17309,2019-02-20T19:27:06Z,driazati,False,3,10,1
17308,2019-02-20T18:47:49Z,TangoRoxy,False,1,0,1
17307,2019-02-20T18:10:23Z,igormq,False,2,0,1
17306,2019-02-20T18:06:08Z,zasdfgbnm,False,2,0,1
17304,2019-02-20T17:33:39Z,eellison,False,2,0,1
17303,2019-02-20T16:36:36Z,ezyang,False,0,0,0
17302,2019-02-20T15:22:32Z,ezyang,False,3,0,2
17300,2019-02-20T13:41:19Z,ZhuBaohe,False,2,0,1
17299,2019-02-20T13:06:15Z,soumith,False,1,0,0
17298,2019-02-20T13:03:33Z,gemfield,False,3,2,1
17297,2019-02-20T09:35:43Z,lw,False,1,0,1
17296,2019-02-20T08:56:28Z,t-vi,False,2,0,1
17295,2019-02-20T08:52:53Z,t-vi,False,3,0,1
17294,2019-02-20T05:54:59Z,fehiepsi,False,3,3,0
17293,2019-02-20T04:20:18Z,peterjc123,False,0,0,0
17290,2019-02-20T02:54:09Z,xiaomengy,False,1,0,1
17288,2019-02-20T01:26:02Z,suo,False,2,0,1
17287,2019-02-20T01:16:34Z,kostmo,False,3,0,2
17285,2019-02-20T00:59:12Z,suo,False,0,0,0
17284,2019-02-20T00:59:06Z,suo,False,0,0,0
17283,2019-02-20T00:58:59Z,suo,False,0,0,0
17282,2019-02-20T00:58:53Z,suo,False,0,0,0
17281,2019-02-20T00:58:47Z,suo,False,0,0,0
17280,2019-02-20T00:58:37Z,cpuhrsch,False,3,1,2
17279,2019-02-20T00:57:13Z,suo,False,3,0,2
17278,2019-02-19T23:57:39Z,li-roy,False,4,6,2
17277,2019-02-19T23:32:37Z,ezyang,False,0,0,0
17276,2019-02-19T22:58:12Z,cpuhrsch,False,2,0,1
17275,2019-02-19T22:43:30Z,wesolwsk,False,0,0,0
17272,2019-02-19T21:47:12Z,boguscoder,False,1,0,1
17270,2019-02-19T20:52:42Z,kostmo,False,1,2,0
17269,2019-02-19T19:24:13Z,ailzhang,False,2,2,1
17267,2019-02-19T18:49:16Z,Krovatkin,False,3,11,1
17264,2019-02-19T18:04:42Z,houseroad,False,0,0,0
17263,2019-02-19T17:45:50Z,ailzhang,False,2,0,1
17259,2019-02-19T17:25:12Z,ssnl,False,2,0,1
17258,2019-02-19T17:07:27Z,bharatr21,False,1,0,0
17255,2019-02-19T16:46:40Z,ssnl,False,2,0,1
17253,2019-02-19T15:22:19Z,krishnakalyan3,False,4,1,2
17252,2019-02-19T15:00:00Z,izdeby,False,0,0,0
17251,2019-02-19T14:40:25Z,sinkingsugar,False,2,0,1
17245,2019-02-19T07:23:49Z,wanchaol,False,4,10,0
17244,2019-02-19T07:18:24Z,wanchaol,False,0,0,0
17242,2019-02-19T05:53:10Z,drnikolaev,False,2,0,1
17240,2019-02-19T02:46:14Z,NarineK,False,6,30,1
17238,2019-02-19T01:23:39Z,ZhuBaohe,False,2,0,1
17236,2019-02-18T23:40:26Z,wx1988,False,0,0,0
17235,2019-02-18T22:32:02Z,rohithkrn,False,1,0,0
17232,2019-02-18T20:37:38Z,t-vi,False,0,0,0
17226,2019-02-18T02:13:29Z,Kirayue,False,5,30,1
17224,2019-02-17T19:49:20Z,kostmo,False,1,0,0
17222,2019-02-17T18:00:32Z,surgan12,False,2,0,1
17220,2019-02-17T15:42:01Z,tridao,False,2,0,1
17219,2019-02-17T13:55:50Z,knightXun,False,0,0,0
17215,2019-02-17T03:56:58Z,peterjc123,False,1,0,0
17214,2019-02-17T03:55:29Z,peterjc123,True,0,0,0
17213,2019-02-17T03:05:10Z,boguscoder,False,0,0,0
17208,2019-02-16T22:17:31Z,zasdfgbnm,False,4,6,1
17201,2019-02-16T14:08:38Z,ArutyunovG,False,2,0,1
17200,2019-02-16T11:12:11Z,TheCodez,False,3,11,1
17198,2019-02-16T07:52:40Z,yinghai,False,0,0,0
17197,2019-02-16T07:40:40Z,ZhuBaohe,False,4,2,1
17196,2019-02-16T06:55:51Z,houseroad,False,0,0,0
17195,2019-02-16T06:51:53Z,zasdfgbnm,False,2,0,1
17194,2019-02-16T05:41:17Z,hyuen,False,0,0,0
17193,2019-02-16T05:27:48Z,cpuhrsch,False,3,22,1
17192,2019-02-16T03:57:54Z,peterjc123,True,0,0,0
17191,2019-02-16T03:29:57Z,peterjc123,False,1,0,0
17190,2019-02-16T02:40:29Z,dzhulgakov,False,2,4,1
17189,2019-02-16T02:33:41Z,kostmo,False,3,5,1
17188,2019-02-16T01:28:03Z,TangoRoxy,False,1,0,1
17187,2019-02-16T01:27:15Z,ailzhang,False,4,10,1
17186,2019-02-16T00:51:19Z,eellison,False,2,0,1
17184,2019-02-16T00:29:50Z,houseroad,True,0,0,0
17183,2019-02-16T00:09:02Z,Krovatkin,False,2,0,1
17182,2019-02-15T23:56:25Z,ngimel,False,3,9,0
17180,2019-02-15T22:23:36Z,ailzhang,False,2,0,1
17178,2019-02-15T21:57:12Z,houseroad,False,2,0,1
17177,2019-02-15T21:43:01Z,ipiszy,False,0,0,0
17176,2019-02-15T21:40:29Z,jspark1105,False,0,0,0
17175,2019-02-15T21:32:24Z,driazati,False,2,1,1
17174,2019-02-15T21:30:39Z,kostmo,False,0,0,0
17173,2019-02-15T21:25:21Z,ifedan,False,3,10,1
17171,2019-02-15T20:41:13Z,driazati,False,0,0,0
17170,2019-02-15T20:16:43Z,bddppq,False,1,0,0
17168,2019-02-15T18:40:50Z,ahmadsalim,False,5,21,2
17167,2019-02-15T18:04:53Z,eellison,False,2,1,1
17166,2019-02-15T17:45:30Z,ailzhang,False,2,0,1
17164,2019-02-15T15:32:36Z,ezyang,False,1,0,0
17160,2019-02-15T09:56:20Z,boeddeker,False,1,0,0
17158,2019-02-15T09:48:52Z,yinghai,False,0,0,0
17151,2019-02-15T04:00:27Z,jspark1105,False,0,0,0
17146,2019-02-15T02:04:30Z,xiaomengy,False,1,0,1
17145,2019-02-15T01:50:23Z,jspark1105,False,0,0,0
17143,2019-02-15T01:42:03Z,driazati,False,2,0,1
17142,2019-02-15T01:25:16Z,krishnakalyan3,False,3,2,2
17141,2019-02-15T01:24:52Z,boguscoder,False,0,0,0
17138,2019-02-15T00:12:27Z,driazati,False,1,0,0
17137,2019-02-15T00:10:52Z,wanchaol,False,2,1,1
17136,2019-02-14T23:57:57Z,zasdfgbnm,False,3,15,0
17135,2019-02-14T23:54:02Z,driazati,False,1,0,0
17134,2019-02-14T23:19:27Z,driazati,False,2,0,1
17133,2019-02-14T23:11:10Z,smessmer,False,0,0,0
17132,2019-02-14T22:46:24Z,ilia-cher,False,0,0,0
17131,2019-02-14T22:23:05Z,gchanan,False,2,0,1
17129,2019-02-14T22:03:37Z,mrshenli,False,4,4,1
17128,2019-02-14T21:27:46Z,gchanan,False,0,0,0
17127,2019-02-14T20:54:49Z,pcpLiu,False,1,0,1
17125,2019-02-14T20:37:29Z,gchanan,False,0,0,0
17123,2019-02-14T19:54:21Z,ZolotukhinM,False,2,0,1
17122,2019-02-14T19:52:21Z,gchanan,False,1,0,0
17121,2019-02-14T19:02:23Z,ifedan,False,2,0,1
17120,2019-02-14T18:31:47Z,colesbury,False,3,2,1
17119,2019-02-14T18:27:26Z,ZhizhenQin,False,1,0,0
17118,2019-02-14T18:00:36Z,csummersea,False,0,0,0
17115,2019-02-14T16:08:12Z,ezyang,False,0,0,0
17114,2019-02-14T14:48:41Z,skrah,False,3,3,3
17110,2019-02-14T11:27:32Z,ggoossen,False,0,0,0
17109,2019-02-14T11:23:18Z,kngwyu,False,1,0,0
17107,2019-02-14T10:28:10Z,gujinghui,False,2,0,1
17105,2019-02-14T08:34:13Z,jspark1105,False,0,0,0
17104,2019-02-14T07:03:15Z,wanchaol,False,2,0,1
17103,2019-02-14T06:52:54Z,zasdfgbnm,False,3,4,1
17102,2019-02-14T06:38:59Z,kostmo,False,4,3,1
17100,2019-02-14T06:17:34Z,bwasti,False,4,29,0
17099,2019-02-14T05:59:47Z,zasdfgbnm,False,2,0,1
17097,2019-02-14T05:03:31Z,zasdfgbnm,False,0,0,0
17096,2019-02-14T04:59:37Z,yinghai,False,0,0,0
17093,2019-02-14T04:43:35Z,zasdfgbnm,False,4,3,1
17092,2019-02-14T04:34:27Z,Krovatkin,False,5,17,1
17090,2019-02-14T02:55:03Z,smessmer,False,0,0,0
17089,2019-02-14T02:54:45Z,smessmer,False,0,0,0
17088,2019-02-14T02:54:28Z,smessmer,False,0,0,0
17087,2019-02-14T02:54:10Z,smessmer,False,0,0,0
17086,2019-02-14T02:53:52Z,smessmer,False,0,0,0
17085,2019-02-14T02:53:34Z,smessmer,False,0,0,0
17084,2019-02-14T02:53:17Z,smessmer,False,0,0,0
17083,2019-02-14T02:49:02Z,smessmer,False,0,0,0
17082,2019-02-14T02:43:44Z,smessmer,False,0,0,0
17081,2019-02-14T02:43:36Z,smessmer,False,0,0,0
17080,2019-02-14T02:43:28Z,smessmer,False,0,0,0
17078,2019-02-14T01:49:02Z,smessmer,False,1,0,1
17077,2019-02-14T01:46:31Z,dzhulgakov,False,3,1,1
17076,2019-02-14T01:07:29Z,xw285cornell,False,0,0,0
17074,2019-02-13T23:44:09Z,yinghai,False,0,0,0
17072,2019-02-13T23:33:40Z,yf225,False,4,30,0
17071,2019-02-13T23:00:07Z,dzhulgakov,False,2,0,1
17070,2019-02-13T22:06:42Z,zrphercule,False,4,21,0
17069,2019-02-13T22:04:58Z,t-vi,False,2,0,1
17068,2019-02-13T21:47:24Z,yf225,False,0,0,0
17067,2019-02-13T21:46:59Z,ptrblck,False,2,0,1
17066,2019-02-13T20:42:33Z,smessmer,False,1,0,1
17064,2019-02-13T19:42:59Z,yf225,False,0,0,0
17062,2019-02-13T19:21:14Z,hyuen,False,0,0,0
17061,2019-02-13T19:11:04Z,bddppq,False,2,0,1
17059,2019-02-13T18:34:09Z,gchanan,False,2,0,1
17058,2019-02-13T18:06:06Z,bddppq,False,2,0,1
17055,2019-02-13T16:00:35Z,iotamudelta,False,2,0,1
17053,2019-02-13T15:20:23Z,gchanan,False,2,0,1
17052,2019-02-13T14:44:16Z,ZhuBaohe,False,2,1,1
17050,2019-02-13T12:14:07Z,TheCodez,False,3,2,1
17049,2019-02-13T11:21:01Z,skrah,False,2,0,1
17047,2019-02-13T08:14:37Z,jjsjann123,False,1,0,0
17046,2019-02-13T07:39:48Z,yinghai,False,0,0,0
17045,2019-02-13T05:21:29Z,vishwakftw,False,3,0,2
17044,2019-02-13T05:17:36Z,chocjy,False,0,0,0
17043,2019-02-13T03:59:25Z,yinghai,False,0,0,0
17042,2019-02-13T01:49:58Z,driazati,False,2,1,1
17040,2019-02-13T01:12:55Z,jjsjann123,False,3,8,0
17039,2019-02-13T00:46:13Z,kostmo,False,2,0,1
17037,2019-02-13T00:26:43Z,driazati,False,4,9,1
17036,2019-02-13T00:07:03Z,BowenBao,False,3,0,2
17035,2019-02-12T23:52:04Z,alex1o1o7cloud,False,0,0,0
17034,2019-02-12T23:20:59Z,dwarakrajagopal,False,3,8,1
17033,2019-02-12T23:17:16Z,dwarakrajagopal,False,0,0,0
17032,2019-02-12T22:55:37Z,jamesr66a,False,2,1,1
17031,2019-02-12T22:37:17Z,yf225,False,3,8,1
17030,2019-02-12T22:26:52Z,ezyang,False,0,0,0
17027,2019-02-12T21:37:50Z,yinghai,False,0,0,0
17026,2019-02-12T21:26:22Z,jspark1105,False,0,0,0
17025,2019-02-12T21:00:12Z,ipiszy,False,0,0,0
17022,2019-02-12T19:55:39Z,bdaskalov,False,2,0,1
17021,2019-02-12T19:48:29Z,gchanan,False,2,0,1
17020,2019-02-12T19:39:51Z,iotamudelta,False,2,0,1
17019,2019-02-12T19:14:42Z,dzhulgakov,False,2,0,1
17016,2019-02-12T18:50:16Z,syed-ahmed,False,4,3,2
17015,2019-02-12T18:30:36Z,TheCodez,False,4,8,1
17013,2019-02-12T18:12:54Z,yf225,False,2,0,1
17012,2019-02-12T18:10:16Z,iotamudelta,False,2,0,1
17011,2019-02-12T18:00:19Z,ngimel,False,3,0,2
17010,2019-02-12T17:36:40Z,iotamudelta,False,2,0,1
17002,2019-02-12T12:56:10Z,lw,False,0,0,0
17001,2019-02-12T12:11:58Z,TheCodez,False,3,1,1
16999,2019-02-12T11:05:58Z,pearu,False,2,0,1
16997,2019-02-12T08:53:05Z,yinghai,False,0,0,0
16995,2019-02-12T05:49:20Z,knightXun,False,2,0,1
16994,2019-02-12T04:12:36Z,iotamudelta,False,2,0,1
16993,2019-02-12T03:10:44Z,heslami,False,0,0,0
16989,2019-02-12T00:54:27Z,driazati,False,2,0,1
16988,2019-02-12T00:45:46Z,kostmo,False,0,0,0
16987,2019-02-12T00:39:23Z,ZolotukhinM,False,4,22,1
16986,2019-02-12T00:36:38Z,ZolotukhinM,False,2,0,1
16985,2019-02-12T00:33:06Z,jamesr66a,False,0,0,0
16984,2019-02-12T00:08:00Z,kostmo,False,2,0,1
16982,2019-02-11T23:06:42Z,ezyang,False,1,0,1
16980,2019-02-11T22:15:46Z,thedch,False,2,0,1
16978,2019-02-11T22:05:53Z,ezyang,False,1,0,0
16977,2019-02-11T21:49:31Z,dwarakrajagopal,False,1,0,0
16976,2019-02-11T21:43:07Z,yf225,False,2,0,1
16975,2019-02-11T21:41:55Z,kostmo,False,0,0,0
16974,2019-02-11T21:38:15Z,gchanan,False,2,0,1
16973,2019-02-11T20:32:08Z,gchanan,False,2,0,1
16971,2019-02-11T19:46:39Z,BowenBao,False,2,0,1
16970,2019-02-11T19:11:57Z,yinghai,False,0,0,0
16969,2019-02-11T19:07:41Z,kimishpatel,False,0,0,0
16968,2019-02-11T19:03:53Z,pearu,False,2,2,0
16967,2019-02-11T18:37:22Z,ZolotukhinM,False,2,0,1
16966,2019-02-11T18:11:15Z,mrshenli,False,3,4,1
16965,2019-02-11T18:07:43Z,smessmer,False,0,0,0
16964,2019-02-11T17:45:53Z,vishwakftw,False,2,0,1
16961,2019-02-11T16:33:44Z,ssnl,False,2,0,1
16960,2019-02-11T16:15:27Z,skrah,False,4,5,0
16959,2019-02-11T16:11:46Z,ssnl,False,2,0,1
16958,2019-02-11T15:46:58Z,ezyang,False,2,0,1
16950,2019-02-11T06:37:50Z,zasdfgbnm,False,4,2,1
16949,2019-02-11T05:59:21Z,DNGros,False,0,0,0
16948,2019-02-11T03:53:20Z,dzhulgakov,False,3,2,1
16946,2019-02-11T02:19:41Z,dlibenzi,False,2,0,1
16945,2019-02-11T01:11:59Z,jspark1105,False,2,4,0
16942,2019-02-10T21:18:20Z,jspark1105,False,0,0,0
16937,2019-02-10T19:27:02Z,dlibenzi,False,2,5,0
16932,2019-02-10T06:59:51Z,yinghai,False,0,0,0
16931,2019-02-10T06:38:12Z,dzhulgakov,False,0,0,0
16929,2019-02-10T05:02:37Z,xiaomengy,False,3,7,1
16928,2019-02-10T04:44:24Z,dlibenzi,False,3,4,0
16927,2019-02-10T04:40:56Z,dlibenzi,False,0,0,0
16924,2019-02-09T18:00:08Z,bddppq,False,2,0,1
16923,2019-02-09T17:57:25Z,iotamudelta,False,2,0,1
16922,2019-02-09T17:37:10Z,LaRiffle,False,3,2,1
16920,2019-02-09T17:23:45Z,iotamudelta,False,2,0,1
16919,2019-02-09T17:23:01Z,iotamudelta,False,2,0,1
16917,2019-02-09T08:14:46Z,drkw1git,False,2,0,1
16916,2019-02-09T07:51:04Z,yinghai,False,0,0,0
16915,2019-02-09T07:50:32Z,yinghai,False,0,0,0
16914,2019-02-09T07:31:39Z,sdmonov,False,2,0,1
16913,2019-02-09T04:22:41Z,dlibenzi,False,0,0,0
16911,2019-02-09T01:08:59Z,xw285cornell,False,1,0,1
16910,2019-02-09T00:39:29Z,jaliyae,False,6,30,2
16909,2019-02-09T00:25:22Z,mike9ant,False,0,0,0
16907,2019-02-08T21:58:09Z,smessmer,False,1,0,1
16906,2019-02-08T21:57:57Z,smessmer,False,0,0,0
16905,2019-02-08T20:21:06Z,musikisomorphie,False,2,0,1
16900,2019-02-08T18:25:11Z,jtjohnston,False,2,0,1
16893,2019-02-08T11:31:36Z,hameerabbasi,False,3,2,1
16892,2019-02-08T08:44:58Z,dzhulgakov,False,1,0,1
16891,2019-02-08T08:23:30Z,gqchen,False,4,9,1
16890,2019-02-08T08:11:41Z,dzhulgakov,False,3,0,2
16889,2019-02-08T07:28:07Z,jamesr66a,False,2,0,1
16888,2019-02-08T04:55:57Z,mrshenli,False,3,3,0
16887,2019-02-08T04:52:58Z,zdevito,False,2,0,1
16884,2019-02-08T02:13:51Z,driazati,False,4,3,1
16883,2019-02-08T01:47:54Z,smessmer,False,0,0,0
16882,2019-02-08T00:53:46Z,eellison,False,3,4,1
16881,2019-02-08T00:51:15Z,smessmer,False,0,0,0
16880,2019-02-08T00:15:27Z,smessmer,False,0,0,0
16879,2019-02-08T00:15:19Z,smessmer,False,0,0,0
16878,2019-02-08T00:07:38Z,smessmer,False,0,0,0
16877,2019-02-08T00:02:45Z,yinghai,False,0,0,0
16876,2019-02-07T23:57:50Z,xmnlab,False,2,0,2
16875,2019-02-07T23:50:12Z,ZhizhenQin,False,1,0,0
16874,2019-02-07T23:32:14Z,bddppq,False,2,0,1
16872,2019-02-07T23:24:41Z,spandantiwari,False,2,2,0
16871,2019-02-07T23:22:03Z,iotamudelta,False,2,0,1
16870,2019-02-07T23:07:21Z,ifedan,False,4,8,0
16869,2019-02-07T22:56:00Z,yinghai,False,0,0,0
16868,2019-02-07T22:49:10Z,jaliyae,False,5,5,2
16867,2019-02-07T22:48:47Z,smessmer,False,0,0,0
16866,2019-02-07T22:42:42Z,suo,False,4,3,1
16864,2019-02-07T22:08:00Z,smessmer,False,0,0,0
16863,2019-02-07T21:56:55Z,bddppq,False,2,0,1
16862,2019-02-07T21:44:13Z,kimishpatel,False,1,0,1
16861,2019-02-07T21:43:56Z,ifedan,False,1,1,0
16859,2019-02-07T21:36:25Z,pearu,False,4,3,1
16858,2019-02-07T21:28:43Z,eellison,False,4,16,1
16857,2019-02-07T21:25:53Z,dzhulgakov,False,2,1,1
16855,2019-02-07T20:59:41Z,csummersea,False,0,0,0
16854,2019-02-07T20:56:36Z,VitalyFedyunin,False,3,30,0
16853,2019-02-07T20:34:40Z,petrex,False,1,0,0
16852,2019-02-07T20:31:17Z,avmgithub,False,2,0,1
16851,2019-02-07T20:28:10Z,asuhan,False,3,0,2
16850,2019-02-07T19:32:07Z,eellison,False,3,2,1
16848,2019-02-07T18:47:55Z,pjh5,False,2,0,1
16846,2019-02-07T18:10:08Z,driazati,False,3,2,1
16844,2019-02-07T16:44:35Z,dlibenzi,False,2,0,1
16842,2019-02-07T13:46:27Z,ZhuBaohe,False,2,0,1
16839,2019-02-07T08:48:50Z,JirenJin,False,2,0,1
16837,2019-02-07T07:08:59Z,jamesr66a,False,3,0,2
16835,2019-02-07T05:57:53Z,stephenyan1231,False,1,0,1
16834,2019-02-07T04:28:24Z,yinghai,False,0,0,0
16833,2019-02-07T03:47:31Z,zdevito,False,0,0,0
16832,2019-02-07T03:01:51Z,driazati,False,1,0,0
16829,2019-02-07T00:13:58Z,bddppq,False,3,2,1
16827,2019-02-06T22:58:07Z,yf225,False,2,0,1
16826,2019-02-06T22:41:13Z,ezyang,False,1,0,1
16825,2019-02-06T22:15:40Z,jjsjann123,False,5,3,2
16824,2019-02-06T22:09:09Z,ezyang,False,3,4,2
16823,2019-02-06T22:02:14Z,asmeurer,False,1,0,0
16822,2019-02-06T21:47:33Z,ezyang,True,0,0,0
16821,2019-02-06T21:33:40Z,ezyang,False,2,0,1
16820,2019-02-06T21:33:05Z,jspark1105,False,0,0,0
16819,2019-02-06T21:07:29Z,VitalyFedyunin,False,2,5,0
16818,2019-02-06T21:03:03Z,VitalyFedyunin,False,0,0,0
16814,2019-02-06T19:24:42Z,yf225,False,0,0,0
16812,2019-02-06T19:06:38Z,mohanasra,False,2,0,1
16811,2019-02-06T19:05:26Z,ipiszy,False,1,0,1
16810,2019-02-06T18:44:08Z,izdeby,False,4,30,0
16809,2019-02-06T18:37:56Z,chandlerzuo,False,1,1,0
16808,2019-02-06T17:38:03Z,iotamudelta,False,2,1,0
16807,2019-02-06T17:06:14Z,vishwakftw,False,2,0,1
16803,2019-02-06T15:28:33Z,ezyang,False,0,0,0
16802,2019-02-06T15:28:25Z,ezyang,False,0,0,0
16800,2019-02-06T14:51:46Z,ezyang,False,2,0,1
16798,2019-02-06T10:51:38Z,rodrigoberriel,False,2,0,1
16796,2019-02-06T09:50:27Z,jspark1105,False,1,1,0
16794,2019-02-06T07:40:18Z,wanchaol,False,4,2,1
16792,2019-02-06T06:05:48Z,bwasti,False,1,0,1
16791,2019-02-06T05:04:59Z,houseroad,False,0,0,0
16790,2019-02-06T03:17:38Z,zasdfgbnm,False,3,0,1
16789,2019-02-06T02:56:36Z,soumith,False,2,0,1
16788,2019-02-06T02:54:50Z,zasdfgbnm,False,2,0,1
16787,2019-02-06T01:16:38Z,zdevito,False,2,0,1
16786,2019-02-06T00:57:26Z,jspark1105,False,0,0,0
16785,2019-02-06T00:56:45Z,jspark1105,False,1,0,1
16784,2019-02-06T00:29:27Z,zdevito,False,5,3,1
16783,2019-02-05T22:47:42Z,zdevito,False,3,0,2
16782,2019-02-05T22:21:04Z,avmgithub,False,2,0,1
16781,2019-02-05T22:18:58Z,ailzhang,False,2,0,1
16779,2019-02-05T21:46:19Z,driazati,False,2,0,1
16778,2019-02-05T21:16:03Z,ezyang,False,1,1,0
16777,2019-02-05T20:54:46Z,ezyang,False,2,0,1
16776,2019-02-05T20:53:22Z,ezyang,True,1,0,1
16774,2019-02-05T19:33:37Z,andrewwdye,False,0,0,0
16773,2019-02-05T19:23:07Z,pjh5,False,2,0,1
16772,2019-02-05T19:21:38Z,fritzo,False,2,0,1
16771,2019-02-05T19:21:02Z,iotamudelta,False,2,0,1
16770,2019-02-05T19:18:13Z,driazati,False,2,0,1
16769,2019-02-05T19:08:03Z,lara-hdr,False,3,3,1
16768,2019-02-05T18:53:16Z,duc0,False,1,2,0
16767,2019-02-05T18:22:30Z,houseroad,False,1,0,1
16766,2019-02-05T17:50:26Z,pjh5,False,2,0,1
16765,2019-02-05T17:36:22Z,boguscoder,False,1,1,0
16764,2019-02-05T17:11:27Z,VitalyFedyunin,False,2,30,0
16763,2019-02-05T17:03:48Z,gchanan,False,0,0,0
16761,2019-02-05T16:10:29Z,ailzhang,False,2,0,1
16754,2019-02-05T07:11:48Z,jjsjann123,False,0,0,0
16753,2019-02-05T05:45:31Z,xiaomengy,False,2,5,1
16752,2019-02-05T03:07:46Z,ezyang,False,0,0,0
16751,2019-02-05T03:07:36Z,ezyang,False,1,2,0
16750,2019-02-05T02:46:45Z,zdevito,False,2,0,1
16749,2019-02-05T01:37:38Z,csummersea,False,0,0,0
16748,2019-02-05T01:16:50Z,rohithkrn,False,3,2,1
16747,2019-02-05T01:13:51Z,jerryzh168,False,0,0,0
16746,2019-02-05T01:12:03Z,janewangfb,False,1,0,1
16745,2019-02-05T01:11:50Z,jerryzh168,False,0,0,0
16743,2019-02-05T00:40:48Z,mcarilli,False,5,4,2
16740,2019-02-05T00:04:59Z,driazati,False,2,3,0
16739,2019-02-05T00:02:45Z,mike9ant,False,3,6,1
16738,2019-02-04T23:42:06Z,bddppq,False,0,0,0
16736,2019-02-04T23:06:10Z,apaszke,False,2,1,1
16735,2019-02-04T23:06:03Z,apaszke,False,2,0,1
16734,2019-02-04T22:56:55Z,houseroad,False,0,0,0
16732,2019-02-04T22:14:57Z,NarineK,False,2,5,1
16731,2019-02-04T22:06:34Z,ezyang,False,1,0,0
16730,2019-02-04T21:59:32Z,bwasti,False,2,0,2
16729,2019-02-04T21:39:55Z,pjh5,False,2,0,1
16728,2019-02-04T21:38:27Z,li-roy,False,3,0,2
16727,2019-02-04T21:21:15Z,xkszltl,False,3,5,1
16726,2019-02-04T19:55:37Z,Krovatkin,False,4,7,1
16724,2019-02-04T19:44:25Z,driazati,False,2,0,1
16723,2019-02-04T18:44:44Z,newstzpz,False,0,0,0
16722,2019-02-04T18:41:35Z,newstzpz,False,0,0,0
16721,2019-02-04T18:15:03Z,ezyang,False,2,4,1
16720,2019-02-04T18:14:53Z,ezyang,False,1,0,1
16719,2019-02-04T16:37:26Z,soumith,False,2,0,1
16718,2019-02-04T16:26:59Z,VitalyFedyunin,False,0,0,0
16716,2019-02-04T14:45:18Z,xkszltl,False,3,5,1
16714,2019-02-04T10:52:20Z,t-vi,False,2,0,1
16705,2019-02-03T21:23:41Z,soumith,False,2,0,1
16704,2019-02-03T17:35:45Z,pietern,False,2,0,1
16702,2019-02-03T07:25:29Z,dzhulgakov,False,1,0,0
16701,2019-02-03T07:18:25Z,dzhulgakov,False,2,0,1
16698,2019-02-03T01:23:18Z,kulasama,False,0,0,0
16697,2019-02-02T21:47:30Z,sorenrasmussenai,False,2,1,0
16694,2019-02-02T17:57:23Z,wbydo,False,2,0,0
16692,2019-02-02T06:59:04Z,smessmer,False,1,0,1
16691,2019-02-02T06:58:56Z,smessmer,False,0,0,0
16689,2019-02-02T04:58:47Z,ailzhang,False,7,30,1
16688,2019-02-02T04:13:25Z,soumith,True,0,0,0
16687,2019-02-02T02:12:08Z,vishwakftw,False,3,4,0
16686,2019-02-02T01:34:12Z,jamesr66a,False,2,0,1
16684,2019-02-01T23:27:04Z,wanchaol,False,2,8,0
16682,2019-02-01T23:12:32Z,pjh5,False,2,0,1
16681,2019-02-01T23:09:09Z,li-roy,False,1,2,0
16680,2019-02-01T23:08:53Z,jerryzh168,False,1,0,1
16679,2019-02-01T23:08:38Z,jerryzh168,False,1,0,1
16678,2019-02-01T23:06:56Z,jerryzh168,False,1,0,1
16677,2019-02-01T22:29:57Z,yet-another-account,False,1,0,0
16676,2019-02-01T22:25:47Z,yinghai,False,0,0,0
16674,2019-02-01T22:10:52Z,houseroad,False,2,0,1
16673,2019-02-01T21:56:27Z,joshim5,False,2,7,1
16671,2019-02-01T21:28:17Z,suo,False,4,7,1
16669,2019-02-01T20:38:28Z,jamesr66a,False,4,7,1
16665,2019-02-01T19:10:05Z,pjh5,False,3,2,1
16660,2019-02-01T16:53:46Z,soumith,False,1,0,0
16659,2019-02-01T16:34:12Z,zasdfgbnm,False,0,0,0
16657,2019-02-01T12:09:32Z,apaszke,False,2,0,1
16656,2019-02-01T12:05:38Z,t-ken1,False,0,0,0
16653,2019-02-01T09:39:04Z,gujinghui,False,2,0,1
16652,2019-02-01T09:08:57Z,gujinghui,False,0,0,0
16651,2019-02-01T06:45:38Z,gujinghui,False,0,0,0
16649,2019-02-01T04:24:49Z,mmh683,False,4,6,1
16648,2019-02-01T04:20:13Z,yinghai,False,0,0,0
16645,2019-02-01T02:48:45Z,li-roy,False,2,6,1
16644,2019-02-01T02:35:29Z,JamesTrick,False,2,0,1
16643,2019-02-01T02:29:19Z,smessmer,False,1,0,1
16641,2019-02-01T01:29:50Z,zdevito,False,2,0,1
16640,2019-02-01T01:28:52Z,driazati,False,2,0,1
16639,2019-02-01T01:14:03Z,petrex,False,2,0,1
16638,2019-02-01T00:45:28Z,pietern,False,2,0,1
16637,2019-02-01T00:45:25Z,pjh5,False,0,0,0
16636,2019-02-01T00:36:55Z,ptrblck,False,6,9,1
16634,2019-02-01T00:05:02Z,jerryzh168,False,0,0,0
16632,2019-01-31T23:44:48Z,BowenBao,False,2,0,1
16631,2019-01-31T23:29:52Z,pjh5,False,2,0,1
16630,2019-01-31T23:23:07Z,dzhulgakov,False,0,0,0
16629,2019-01-31T23:14:39Z,driazati,False,3,4,1
16628,2019-01-31T23:00:04Z,ezyang,False,2,0,1
16626,2019-01-31T22:41:33Z,ngimel,True,0,0,0
16625,2019-01-31T22:34:55Z,smessmer,False,3,30,1
16624,2019-01-31T21:57:04Z,jaliyae,False,3,24,0
16623,2019-01-31T21:43:19Z,smessmer,False,0,0,0
16620,2019-01-31T20:53:37Z,amylittleyang,False,0,0,0
16619,2019-01-31T20:14:57Z,lw,False,2,0,1
16618,2019-01-31T19:53:46Z,jamesr66a,False,5,4,1
16616,2019-01-31T19:18:09Z,suo,False,2,0,1
16615,2019-01-31T18:52:43Z,ezyang,False,1,0,1
16613,2019-01-31T18:06:07Z,jithunnair-amd,False,2,0,1
16612,2019-01-31T17:34:20Z,jithunnair-amd,False,0,0,0
16611,2019-01-31T16:56:43Z,ailzhang,False,2,0,1
16606,2019-01-31T09:15:08Z,bddppq,False,0,0,0
16605,2019-01-31T08:56:51Z,suo,False,2,1,1
16604,2019-01-31T07:34:12Z,syed-ahmed,False,3,30,0
16603,2019-01-31T06:29:20Z,xiaomengy,False,3,5,0
16601,2019-01-31T05:14:25Z,dzhulgakov,False,0,0,0
16598,2019-01-31T04:57:52Z,yinghai,False,0,0,0
16597,2019-01-31T04:30:24Z,yinghai,False,0,0,0
16596,2019-01-31T04:03:18Z,yf225,False,3,12,1
16593,2019-01-31T03:08:19Z,zdevito,False,0,0,0
16588,2019-01-31T01:40:03Z,suo,False,4,9,1
16587,2019-01-31T01:21:53Z,sebftw,False,2,0,1
16585,2019-01-31T00:43:16Z,asuhan,False,4,16,1
16584,2019-01-31T00:00:55Z,smessmer,False,0,0,0
16583,2019-01-30T23:27:58Z,apaszke,False,3,4,1
16582,2019-01-30T23:11:14Z,li-roy,False,2,2,1
16580,2019-01-30T22:41:37Z,zdevito,False,3,6,2
16579,2019-01-30T22:38:33Z,cpuhrsch,False,3,0,2
16578,2019-01-30T22:04:52Z,abusque,False,2,0,1
16576,2019-01-30T20:51:19Z,bwasti,False,1,0,1
16575,2019-01-30T20:48:57Z,pjh5,False,2,0,1
16572,2019-01-30T20:21:14Z,gchanan,False,2,0,1
16571,2019-01-30T20:12:22Z,mrshenli,False,3,5,1
16570,2019-01-30T20:03:03Z,smessmer,False,1,0,1
16568,2019-01-30T19:20:17Z,jerryzh168,False,0,0,0
16567,2019-01-30T18:39:56Z,houseroad,False,2,0,1
16566,2019-01-30T18:32:33Z,TsimafeiKhatkevich,False,0,0,0
16565,2019-01-30T17:20:03Z,ssnl,False,1,0,0
16563,2019-01-30T15:40:09Z,ParticularlyPythonicBS,False,3,4,2
16554,2019-01-30T09:11:54Z,smessmer,False,0,0,0
16549,2019-01-30T07:11:46Z,houseroad,False,2,0,1
16548,2019-01-30T07:02:30Z,smessmer,False,3,15,1
16547,2019-01-30T06:51:36Z,houseroad,False,2,0,1
16545,2019-01-30T05:12:16Z,peterjc123,False,3,2,0
16541,2019-01-30T03:44:50Z,hlu1,False,0,0,0
16540,2019-01-30T02:47:54Z,zdevito,False,2,0,1
16538,2019-01-30T00:09:17Z,zrphercule,False,2,0,1
16537,2019-01-29T23:42:55Z,rjknight,False,2,0,1
16536,2019-01-29T23:18:56Z,suo,False,2,0,1
16535,2019-01-29T23:01:17Z,smessmer,False,1,0,1
16534,2019-01-29T23:01:10Z,smessmer,False,3,15,1
16533,2019-01-29T22:22:07Z,yinghai,False,0,0,0
16531,2019-01-29T21:36:28Z,luisenp,False,3,22,0
16530,2019-01-29T21:25:30Z,bwasti,False,1,0,1
16529,2019-01-29T21:25:18Z,bwasti,False,1,0,1
16528,2019-01-29T21:23:58Z,bwasti,False,1,0,1
16526,2019-01-29T21:07:16Z,umanwizard,False,2,0,1
16525,2019-01-29T21:02:43Z,bhushan23,False,5,6,2
16524,2019-01-29T20:59:58Z,smessmer,False,2,2,1
16522,2019-01-29T20:48:40Z,resistor,False,2,0,1
16521,2019-01-29T20:42:07Z,smessmer,False,0,0,0
16519,2019-01-29T20:15:57Z,bwasti,False,0,0,0
16518,2019-01-29T20:13:21Z,smessmer,False,0,0,0
16517,2019-01-29T20:04:52Z,gchanan,False,2,0,1
16516,2019-01-29T19:53:00Z,jerryzh168,False,0,0,0
16515,2019-01-29T19:48:19Z,rohithkrn,False,3,2,1
16514,2019-01-29T19:41:46Z,dzhulgakov,False,1,0,1
16513,2019-01-29T19:11:50Z,ezyang,False,2,2,1
16512,2019-01-29T19:01:17Z,jamesr66a,False,0,0,0
16511,2019-01-29T18:48:02Z,pjh5,False,2,0,1
16510,2019-01-29T18:36:55Z,ezyang,False,0,0,0
16507,2019-01-29T17:25:15Z,ezyang,False,2,0,1
16506,2019-01-29T17:13:53Z,ezyang,False,2,0,1
16505,2019-01-29T16:51:34Z,zasdfgbnm,False,3,15,1
16504,2019-01-29T16:03:50Z,ezyang,False,1,0,1
16503,2019-01-29T15:24:25Z,zou3519,False,2,0,1
16502,2019-01-29T15:05:46Z,zou3519,True,0,0,0
16496,2019-01-29T11:39:00Z,peterjc123,False,2,0,1
16495,2019-01-29T09:28:59Z,bhushan23,False,3,0,2
16493,2019-01-29T07:29:28Z,houseroad,False,1,0,1
16491,2019-01-29T06:04:42Z,JianpingChen066,False,3,3,0
16490,2019-01-29T05:56:08Z,JianpingChen066,False,0,0,0
16489,2019-01-29T05:51:39Z,vishwakftw,False,2,0,1
16488,2019-01-29T05:37:01Z,JianpingChen066,False,0,0,0
16487,2019-01-29T05:23:29Z,bddppq,False,2,0,1
16485,2019-01-29T05:06:03Z,zqhsfz2,False,3,23,0
16484,2019-01-29T04:05:01Z,syed-ahmed,False,2,0,1
16483,2019-01-29T03:50:05Z,syed-ahmed,False,0,0,0
16482,2019-01-29T03:29:16Z,eellison,False,3,1,1
16481,2019-01-29T02:56:28Z,jamesr66a,False,2,2,0
16480,2019-01-29T02:44:21Z,jamesr66a,False,2,0,1
16479,2019-01-29T02:29:04Z,yf225,False,2,2,1
16478,2019-01-29T01:35:34Z,bwasti,False,2,1,1
16477,2019-01-29T01:35:05Z,bwasti,False,1,0,1
16476,2019-01-29T01:34:25Z,bwasti,False,1,0,1
16475,2019-01-29T00:57:18Z,umanwizard,False,2,2,1
16474,2019-01-29T00:05:16Z,smessmer,False,1,0,1
16473,2019-01-29T00:04:14Z,bwasti,False,1,0,1
16472,2019-01-28T23:03:53Z,ZolotukhinM,False,2,0,1
16470,2019-01-28T22:35:13Z,pjh5,False,2,0,1
16469,2019-01-28T22:25:16Z,ezyang,False,3,6,0
16468,2019-01-28T22:13:42Z,cpuhrsch,False,2,0,1
16467,2019-01-28T22:06:53Z,ezyang,False,2,0,1
16466,2019-01-28T21:55:10Z,ezyang,False,0,0,0
16465,2019-01-28T21:25:55Z,resistor,False,2,0,1
16464,2019-01-28T21:22:34Z,zou3519,True,2,1,1
16463,2019-01-28T21:01:46Z,izdeby,False,2,0,1
16462,2019-01-28T20:57:48Z,smessmer,False,0,0,0
16461,2019-01-28T20:52:38Z,zdevito,False,2,0,1
16460,2019-01-28T20:46:52Z,suo,False,2,0,2
16457,2019-01-28T19:59:11Z,gchanan,False,2,0,1
16456,2019-01-28T19:34:22Z,TsimafeiKhatkevich,False,1,0,1
16455,2019-01-28T19:19:49Z,lara-hdr,False,2,2,1
16454,2019-01-28T18:33:34Z,bddppq,False,1,0,0
16452,2019-01-28T17:52:20Z,zou3519,False,0,0,0
16451,2019-01-28T17:37:24Z,peterjc123,False,4,6,1
16449,2019-01-28T17:05:11Z,iotamudelta,False,2,0,1
16447,2019-01-28T16:48:15Z,pjh5,False,0,0,0
16441,2019-01-28T14:11:19Z,ssnl,False,3,5,1
16440,2019-01-28T12:11:49Z,eskjorg,False,5,13,1
16435,2019-01-28T07:58:31Z,smessmer,False,0,0,0
16434,2019-01-28T07:58:23Z,smessmer,False,1,0,1
16431,2019-01-28T03:20:36Z,ssnl,False,0,0,0
16430,2019-01-28T02:55:55Z,soumith,False,0,0,0
16429,2019-01-28T02:50:46Z,gchanan,False,0,0,0
16427,2019-01-28T02:25:53Z,ssnl,False,5,4,1
16426,2019-01-28T01:23:27Z,ssnl,False,2,0,1
16425,2019-01-28T01:11:14Z,ssnl,False,4,1,2
16423,2019-01-27T22:07:59Z,syed-ahmed,False,1,0,0
16422,2019-01-27T16:02:39Z,bhushan23,False,3,3,0
16420,2019-01-27T14:52:08Z,peterjc123,False,2,0,1
16419,2019-01-27T14:46:25Z,gemfield,False,2,0,1
16418,2019-01-27T13:47:06Z,BRevolution,False,2,0,1
16416,2019-01-27T09:06:39Z,rotuna,False,2,0,1
16415,2019-01-27T07:42:54Z,zdevito,False,2,0,1
16414,2019-01-27T05:52:02Z,zdevito,False,2,0,1
16412,2019-01-27T04:34:36Z,peterjc123,False,2,0,1
16411,2019-01-27T03:20:03Z,jamesr66a,False,3,2,2
16410,2019-01-26T22:46:24Z,jamesr66a,False,3,1,2
16409,2019-01-26T22:13:35Z,jamesr66a,False,2,0,1
16404,2019-01-26T13:54:34Z,ssnl,False,1,0,0
16403,2019-01-26T11:02:46Z,vishwakftw,False,2,0,1
16401,2019-01-26T07:54:45Z,bddppq,False,3,0,1
16399,2019-01-26T06:28:33Z,xw285cornell,False,0,0,0
16397,2019-01-26T02:17:31Z,xiaomengy,False,1,1,1
16396,2019-01-26T02:14:43Z,kevinbchen,False,0,0,0
16395,2019-01-26T01:15:04Z,xiaomengy,False,1,0,1
16394,2019-01-26T00:47:22Z,smessmer,False,4,5,0
16393,2019-01-26T00:28:41Z,syed-ahmed,False,1,0,0
16391,2019-01-25T23:55:34Z,jerryzh168,False,0,0,0
16390,2019-01-25T23:39:04Z,smessmer,False,0,0,0
16389,2019-01-25T23:16:37Z,ssnl,False,3,2,1
16388,2019-01-25T22:49:04Z,bwasti,False,0,0,0
16387,2019-01-25T22:39:04Z,pjh5,False,2,0,1
16386,2019-01-25T22:38:12Z,suo,False,3,7,1
16384,2019-01-25T22:20:50Z,ssnl,False,2,0,1
16383,2019-01-25T22:07:46Z,zou3519,True,1,0,1
16382,2019-01-25T20:32:11Z,kevinbchen,False,0,0,0
16381,2019-01-25T20:09:21Z,zou3519,False,0,0,0
16380,2019-01-25T20:07:56Z,eellison,False,3,2,1
16379,2019-01-25T20:02:30Z,wanchaol,False,5,30,1
16378,2019-01-25T19:33:13Z,jerryzh168,False,2,5,0
16377,2019-01-25T19:28:05Z,ZolotukhinM,False,4,4,1
16376,2019-01-25T19:13:26Z,ngimel,False,0,0,0
16374,2019-01-25T19:08:58Z,bwasti,False,0,0,0
16373,2019-01-25T18:51:34Z,jerryzh168,False,1,1,0
16372,2019-01-25T18:47:31Z,izdeby,False,1,0,1
16371,2019-01-25T18:40:53Z,ezyang,False,0,0,0
16370,2019-01-25T18:38:22Z,jerryzh168,False,1,0,1
16369,2019-01-25T17:24:37Z,bwasti,False,0,0,0
16368,2019-01-25T15:51:33Z,ezyang,False,0,0,0
16366,2019-01-25T15:10:20Z,zou3519,True,0,0,0
16362,2019-01-25T08:26:42Z,chsivic,False,0,0,0
16360,2019-01-25T07:14:34Z,jwwandy,False,3,2,0
16359,2019-01-25T04:37:45Z,ezyang,False,0,0,0
16356,2019-01-25T02:31:15Z,jerryzh168,False,0,0,0
16355,2019-01-25T00:58:24Z,smessmer,False,1,0,1
16354,2019-01-25T00:51:50Z,ZolotukhinM,False,2,0,1
16353,2019-01-25T00:45:45Z,pjh5,False,0,0,0
16351,2019-01-25T00:24:27Z,ZolotukhinM,False,2,0,1
16350,2019-01-25T00:06:35Z,bwasti,False,2,0,1
16349,2019-01-25T00:03:27Z,borguz,False,2,1,0
16348,2019-01-24T23:48:15Z,eellison,False,4,4,2
16347,2019-01-24T23:40:46Z,smessmer,False,1,1,1
16345,2019-01-24T23:31:15Z,ailzhang,False,2,1,1
16344,2019-01-24T23:09:42Z,xiaomengy,False,1,0,0
16343,2019-01-24T22:57:39Z,smessmer,False,0,0,0
16342,2019-01-24T22:57:05Z,ZolotukhinM,False,2,0,1
16341,2019-01-24T22:52:44Z,sunnieshang,False,0,0,0
16340,2019-01-24T22:46:38Z,hartb,False,4,1,2
16339,2019-01-24T22:36:25Z,yf225,False,0,0,0
16338,2019-01-24T22:32:43Z,jerryzh168,False,0,0,0
16337,2019-01-24T22:08:13Z,ssnl,False,2,0,1
16335,2019-01-24T21:49:02Z,jspark1105,False,0,0,0
16334,2019-01-24T21:07:41Z,driazati,False,2,2,1
16332,2019-01-24T19:38:49Z,ezyang,False,0,0,0
16331,2019-01-24T19:22:35Z,bwasti,False,3,11,1
16327,2019-01-24T18:46:37Z,ZolotukhinM,False,2,0,1
16325,2019-01-24T18:35:03Z,yf225,False,4,5,1
16324,2019-01-24T17:58:06Z,sidazhang,False,2,0,1
16323,2019-01-24T17:22:40Z,fadel,False,1,0,0
16315,2019-01-24T09:43:38Z,gujinghui,False,0,0,0
16314,2019-01-24T09:41:03Z,gujinghui,False,0,0,0
16313,2019-01-24T09:39:15Z,gujinghui,False,0,0,0
16312,2019-01-24T09:37:28Z,gujinghui,False,0,0,0
16311,2019-01-24T09:34:20Z,gujinghui,False,0,0,0
16310,2019-01-24T09:32:09Z,gujinghui,False,0,0,0
16309,2019-01-24T09:27:22Z,gujinghui,False,0,0,0
16308,2019-01-24T09:20:59Z,gujinghui,False,4,30,1
16307,2019-01-24T09:06:32Z,xiaomengy,False,1,0,1
16305,2019-01-24T05:48:44Z,yf225,False,3,30,1
16304,2019-01-24T05:39:33Z,borguz,False,0,0,0
16302,2019-01-24T04:14:02Z,mtbrandy,False,3,0,2
16301,2019-01-24T03:37:31Z,gchanan,True,0,0,0
16300,2019-01-24T03:35:20Z,gchanan,False,2,0,1
16297,2019-01-24T03:12:48Z,driazati,False,4,4,1
16294,2019-01-24T01:43:08Z,jerryzh168,False,1,0,1
16289,2019-01-24T00:27:43Z,zdevito,False,4,15,1
16287,2019-01-23T23:17:04Z,ZolotukhinM,False,2,0,1
16286,2019-01-23T23:10:21Z,erikbrinkman,False,2,0,1
16283,2019-01-23T23:02:00Z,smessmer,False,1,2,1
16282,2019-01-23T23:01:51Z,smessmer,False,2,4,0
16279,2019-01-23T21:17:03Z,houseroad,False,2,0,1
16278,2019-01-23T20:25:56Z,pietern,False,2,0,1
16275,2019-01-23T19:32:50Z,pritamdamania87,False,4,8,2
16274,2019-01-23T19:08:39Z,ezyang,False,1,0,1
16273,2019-01-23T19:08:21Z,jerryzh168,False,0,0,0
16272,2019-01-23T19:04:45Z,ezyang,False,0,0,0
16270,2019-01-23T18:52:39Z,nlml,False,2,0,1
16269,2019-01-23T18:46:57Z,ashermancinelli,False,4,5,2
16265,2019-01-23T18:13:03Z,zou3519,False,2,0,1
16262,2019-01-23T17:18:34Z,ezyang,False,0,0,0
16261,2019-01-23T17:04:06Z,gchanan,False,0,0,0
16260,2019-01-23T16:47:29Z,ezyang,False,0,0,0
16259,2019-01-23T16:04:00Z,mrshenli,False,5,15,1
16253,2019-01-23T06:09:51Z,zasdfgbnm,False,5,13,1
16252,2019-01-23T05:56:33Z,benjibc,False,1,0,1
16251,2019-01-23T05:13:40Z,bddppq,False,3,0,2
16249,2019-01-23T03:57:46Z,ssnl,False,3,5,1
16247,2019-01-23T03:22:02Z,smessmer,False,1,0,1
16246,2019-01-23T03:21:46Z,smessmer,False,1,0,1
16245,2019-01-23T00:06:21Z,eellison,False,3,3,1
16244,2019-01-22T23:06:29Z,eellison,False,3,5,1
16243,2019-01-22T23:05:25Z,xiaomengy,False,1,1,1
16242,2019-01-22T23:03:46Z,t-vi,False,4,7,0
16241,2019-01-22T22:49:53Z,driazati,False,0,0,0
16240,2019-01-22T22:34:28Z,lara-hdr,False,3,5,2
16239,2019-01-22T22:17:54Z,cpuhrsch,False,4,30,1
16237,2019-01-22T20:55:32Z,smessmer,False,0,0,0
16236,2019-01-22T20:10:41Z,zdevito,False,2,0,1
16232,2019-01-22T19:10:11Z,jamesr66a,False,2,10,1
16231,2019-01-22T16:55:51Z,houseroad,False,1,0,0
16230,2019-01-22T16:07:17Z,mrshenli,False,2,0,1
16227,2019-01-22T15:28:29Z,ArmaanSethi,False,2,0,1
16226,2019-01-22T15:20:19Z,ezyang,False,2,2,1
16224,2019-01-22T05:48:50Z,jjsjann123,False,4,2,0
16223,2019-01-22T04:47:07Z,jspark1105,False,0,0,0
16221,2019-01-22T03:54:55Z,yf225,False,2,0,1
16220,2019-01-22T01:09:40Z,zdevito,False,2,0,1
16219,2019-01-22T00:07:42Z,rohithkrn,False,2,0,1
16217,2019-01-21T22:39:40Z,iotamudelta,False,2,0,1
16216,2019-01-21T21:28:11Z,xiaomengy,False,1,0,1
16214,2019-01-21T18:56:22Z,houseroad,False,2,0,1
16213,2019-01-21T18:04:53Z,erikbrinkman,False,2,10,0
16210,2019-01-21T15:47:50Z,erikbrinkman,False,4,7,1
16208,2019-01-21T09:29:35Z,driazati,False,4,19,1
16205,2019-01-21T00:13:51Z,wahabmk,False,0,0,0
16204,2019-01-21T00:06:26Z,eyyub,False,2,0,1
16202,2019-01-20T23:45:15Z,xiaomengy,False,1,0,1
16201,2019-01-20T23:36:12Z,shahzadlone,False,2,0,1
16200,2019-01-20T21:15:49Z,mrshenli,False,2,0,1
16199,2019-01-20T20:39:10Z,t-vi,False,2,0,1
16196,2019-01-20T16:51:23Z,lanpa,False,3,30,0
16194,2019-01-19T23:29:20Z,ailzhang,False,1,2,0
16191,2019-01-19T19:06:45Z,huginhuangfb,False,0,0,0
16190,2019-01-19T18:28:36Z,houseroad,False,1,0,1
16189,2019-01-19T17:34:47Z,xkszltl,False,2,0,0
16186,2019-01-19T05:43:02Z,zasdfgbnm,False,5,6,1
16185,2019-01-19T05:24:16Z,dongfangduoshou123,False,0,0,0
16184,2019-01-19T05:17:05Z,xkszltl,False,3,0,1
16182,2019-01-19T04:14:04Z,mrshenli,False,2,0,1
16180,2019-01-19T02:06:18Z,smessmer,False,3,16,1
16179,2019-01-19T01:26:06Z,jerryzh168,False,2,2,1
16178,2019-01-19T00:10:27Z,smessmer,False,3,3,1
16177,2019-01-19T00:10:16Z,smessmer,False,2,5,1
16176,2019-01-19T00:08:48Z,ezyang,False,1,0,1
16175,2019-01-18T23:57:44Z,xiaomengy,False,1,0,1
16174,2019-01-18T23:32:34Z,KjellSchubert,False,0,0,0
16173,2019-01-18T23:11:26Z,bwasti,False,1,0,1
16172,2019-01-18T22:31:33Z,gchanan,False,0,0,0
16171,2019-01-18T22:29:38Z,gchanan,False,0,0,0
16170,2019-01-18T22:27:57Z,gchanan,False,0,0,0
16169,2019-01-18T22:13:09Z,eellison,False,2,2,1
16168,2019-01-18T21:33:19Z,ifedan,False,3,30,1
16167,2019-01-18T21:21:57Z,MiroFurtado,False,3,0,2
16166,2019-01-18T21:08:38Z,smessmer,False,1,0,1
16165,2019-01-18T21:08:30Z,smessmer,False,1,0,1
16164,2019-01-18T20:59:49Z,suo,False,2,0,1
16163,2019-01-18T20:05:39Z,suo,False,0,0,0
16162,2019-01-18T19:58:01Z,zdevito,False,3,0,2
16161,2019-01-18T19:36:33Z,resistor,False,2,0,1
16160,2019-01-18T18:49:37Z,eellison,False,4,21,1
16159,2019-01-18T18:38:13Z,teng-li,False,0,0,0
16157,2019-01-18T17:14:47Z,vishwakftw,False,0,0,0
16155,2019-01-18T16:48:02Z,zou3519,False,0,0,0
16153,2019-01-18T16:21:22Z,soumith,False,3,4,0
16151,2019-01-18T15:46:13Z,zou3519,False,0,0,0
16150,2019-01-18T15:40:28Z,mrshenli,False,3,9,1
16146,2019-01-18T08:00:56Z,suo,False,0,0,0
16145,2019-01-18T07:37:08Z,ngimel,False,1,0,0
16143,2019-01-18T07:34:46Z,zasdfgbnm,False,1,0,0
16140,2019-01-18T06:38:15Z,soumith,True,0,0,0
16139,2019-01-18T05:47:06Z,jerryzh168,False,0,0,0
16137,2019-01-18T04:38:30Z,vishwakftw,False,0,0,0
16136,2019-01-18T04:33:47Z,bombs-kim,False,2,0,1
16135,2019-01-18T02:17:10Z,xiaomengy,False,2,2,1
16133,2019-01-18T01:58:47Z,peterjc123,False,0,0,0
16132,2019-01-18T01:15:18Z,zdevito,False,2,0,1
16131,2019-01-18T00:31:27Z,syed-ahmed,False,0,0,0
16130,2019-01-17T23:40:17Z,gchanan,False,2,2,0
16129,2019-01-17T23:07:06Z,ZolotukhinM,False,2,0,1
16128,2019-01-17T21:36:14Z,mrshenli,False,2,1,1
16127,2019-01-17T21:23:52Z,soumith,True,0,0,0
16126,2019-01-17T20:54:49Z,cpuhrsch,False,0,0,0
16125,2019-01-17T20:54:23Z,jerryzh168,False,0,0,0
16124,2019-01-17T20:36:31Z,pjh5,False,2,0,1
16122,2019-01-17T19:49:16Z,ezyang,False,1,0,1
16121,2019-01-17T19:49:08Z,ezyang,False,1,0,1
16120,2019-01-17T19:30:01Z,yf225,False,2,0,1
16119,2019-01-17T19:28:41Z,ezyang,False,2,4,1
16118,2019-01-17T18:58:11Z,jerryzh168,False,0,0,0
16117,2019-01-17T18:55:53Z,ezyang,False,2,2,1
16116,2019-01-17T18:50:27Z,ezyang,False,1,0,1
16115,2019-01-17T18:20:33Z,ezyang,False,1,0,1
16113,2019-01-17T16:48:48Z,soumith,True,0,0,0
16111,2019-01-17T16:24:40Z,cpuhrsch,False,5,13,2
16110,2019-01-17T11:38:36Z,FrankHui,False,2,0,1
16108,2019-01-17T09:07:16Z,houseroad,False,2,0,1
16107,2019-01-17T07:48:05Z,Maratyszcza,False,2,0,1
16106,2019-01-17T06:44:17Z,bddppq,False,4,5,1
16105,2019-01-17T06:37:17Z,ezyang,False,2,0,1
16104,2019-01-17T05:58:33Z,gottbrath,False,0,0,0
16102,2019-01-17T05:43:53Z,peterjc123,True,0,0,0
16101,2019-01-17T02:40:53Z,gqchen,False,2,0,1
16100,2019-01-17T02:15:12Z,xiaomengy,False,1,0,1
16098,2019-01-17T01:21:20Z,ZolotukhinM,False,2,0,1
16096,2019-01-17T00:29:02Z,jspark1105,False,0,0,0
16095,2019-01-17T00:25:45Z,spandantiwari,False,2,0,1
16094,2019-01-17T00:03:42Z,houseroad,False,0,0,0
16092,2019-01-16T23:08:21Z,DavidWongEA,False,2,0,1
16091,2019-01-16T22:38:48Z,soumith,False,2,0,1
16089,2019-01-16T21:49:09Z,ezyang,True,0,0,0
16088,2019-01-16T21:41:54Z,xiaomengy,False,1,0,1
16087,2019-01-16T21:32:22Z,ngimel,False,3,3,3
16086,2019-01-16T21:02:40Z,malfet,False,1,0,1
16085,2019-01-16T20:36:25Z,iotamudelta,False,2,0,1
16084,2019-01-16T20:22:48Z,zou3519,False,2,0,1
16083,2019-01-16T20:04:37Z,harouwu,False,2,2,0
16082,2019-01-16T19:49:58Z,ngimel,False,2,0,1
16081,2019-01-16T19:35:12Z,yinghai,False,0,0,0
16080,2019-01-16T18:44:38Z,ZolotukhinM,False,2,0,1
16079,2019-01-16T16:58:20Z,zou3519,True,0,0,0
16078,2019-01-16T16:14:20Z,zou3519,True,1,0,1
16077,2019-01-16T15:50:20Z,rjknight,False,2,2,0
16075,2019-01-16T13:26:52Z,t-vi,False,2,0,1
16074,2019-01-16T11:28:48Z,FrankHui,False,0,0,0
16073,2019-01-16T11:22:41Z,themightyoarfish,False,2,0,1
16071,2019-01-16T10:24:13Z,peterjc123,False,2,0,1
16069,2019-01-16T09:37:26Z,jwwandy,False,2,0,1
16068,2019-01-16T08:16:11Z,houseroad,False,4,7,1
16067,2019-01-16T06:54:27Z,vishwakftw,False,2,0,1
16066,2019-01-16T04:59:01Z,smessmer,False,2,2,1
16065,2019-01-16T04:58:52Z,smessmer,False,1,0,1
16063,2019-01-16T02:54:50Z,smessmer,False,0,0,0
16062,2019-01-16T02:54:42Z,smessmer,False,1,0,1
16061,2019-01-16T02:09:04Z,ezyang,False,1,0,1
16059,2019-01-16T01:44:11Z,ezyang,False,0,0,0
16058,2019-01-16T01:20:10Z,driazati,False,2,0,1
16057,2019-01-16T01:07:24Z,zasdfgbnm,False,2,0,1
16056,2019-01-16T01:01:41Z,ZolotukhinM,False,3,4,1
16055,2019-01-16T00:51:03Z,driazati,False,5,14,1
16054,2019-01-16T00:50:10Z,hyuen,False,0,0,0
16053,2019-01-16T00:25:54Z,xkszltl,False,0,0,0
16052,2019-01-16T00:09:22Z,smessmer,False,1,0,1
16051,2019-01-15T23:56:39Z,smessmer,False,2,12,1
16050,2019-01-15T23:56:31Z,smessmer,False,2,2,1
16049,2019-01-15T23:01:12Z,jerryzh168,False,2,3,0
16048,2019-01-15T22:22:20Z,bwasti,False,1,0,1
16047,2019-01-15T21:49:26Z,yinghai,False,0,0,0
16046,2019-01-15T20:53:35Z,houseroad,False,1,0,1
16044,2019-01-15T20:34:53Z,yf225,False,3,12,1
16041,2019-01-15T19:28:39Z,suo,False,4,21,1
16040,2019-01-15T18:56:28Z,cpuhrsch,False,3,22,1
16039,2019-01-15T18:54:13Z,zasdfgbnm,False,1,0,0
16037,2019-01-15T16:49:05Z,pjh5,False,2,0,1
16033,2019-01-15T12:36:01Z,bombs-kim,False,2,0,1
16031,2019-01-15T09:19:56Z,jspark1105,False,3,5,0
16026,2019-01-15T03:58:21Z,bombs-kim,False,4,2,1
16024,2019-01-15T01:45:54Z,kyl191,False,1,0,1
16023,2019-01-15T01:31:46Z,umanwizard,False,2,0,2
16022,2019-01-15T00:43:49Z,pjh5,False,3,4,1
16021,2019-01-15T00:28:49Z,yyetim,False,0,0,0
16020,2019-01-14T21:52:07Z,jspark1105,False,0,0,0
16017,2019-01-14T18:31:07Z,bddppq,False,4,4,2
16016,2019-01-14T17:49:27Z,pjh5,False,2,0,1
16013,2019-01-14T14:07:31Z,peterjc123,False,0,0,0
16010,2019-01-14T13:08:39Z,bombs-kim,False,2,0,1
16009,2019-01-14T13:05:59Z,peterjc123,False,0,0,0
16008,2019-01-14T12:54:34Z,peterjc123,False,2,0,1
16006,2019-01-14T09:16:45Z,ssnl,False,2,0,1
16005,2019-01-14T06:14:16Z,csummersea,False,0,0,0
16004,2019-01-14T03:35:43Z,pjh5,False,0,0,0
16003,2019-01-13T21:36:12Z,jspark1105,False,0,0,0
15997,2019-01-13T06:18:35Z,xiaomengy,False,2,2,1
15996,2019-01-13T04:52:18Z,jspark1105,False,0,0,0
15995,2019-01-13T03:11:45Z,bombs-kim,False,2,0,1
15993,2019-01-12T18:07:20Z,bombs-kim,False,4,3,0
15991,2019-01-12T14:55:54Z,truskovskiyk,False,5,2,2
15990,2019-01-12T14:07:05Z,surgan12,False,4,9,1
15989,2019-01-12T09:09:31Z,peterjc123,False,2,0,1
15986,2019-01-12T06:32:14Z,ssnl,False,2,0,1
15985,2019-01-12T06:07:46Z,ssnl,False,3,0,2
15984,2019-01-12T05:44:15Z,bombs-kim,False,3,0,2
15983,2019-01-12T05:17:33Z,jerryzh168,False,0,0,0
15981,2019-01-12T01:52:40Z,jerryzh168,False,0,0,0
15980,2019-01-12T00:13:31Z,zasdfgbnm,False,0,0,0
15979,2019-01-11T23:41:22Z,eellison,False,4,2,1
15978,2019-01-11T23:39:41Z,ailzhang,False,4,7,1
15977,2019-01-11T22:40:05Z,pjh5,False,0,0,0
15976,2019-01-11T22:21:14Z,eellison,False,3,6,1
15975,2019-01-11T21:53:18Z,jamestwebber,False,2,0,1
15974,2019-01-11T21:46:28Z,mrshenli,False,2,3,0
15973,2019-01-11T20:12:11Z,houseroad,False,3,0,2
15969,2019-01-11T19:14:53Z,jamesr66a,False,4,3,1
15967,2019-01-11T18:35:55Z,jerryzh168,False,2,2,1
15966,2019-01-11T18:19:36Z,pjh5,False,2,0,1
15965,2019-01-11T18:00:37Z,zrphercule,False,2,0,1
15964,2019-01-11T17:43:59Z,ssnl,False,3,1,1
15962,2019-01-11T15:41:59Z,neerajprad,False,5,5,1
15961,2019-01-11T15:12:43Z,idning,False,0,0,0
15960,2019-01-11T14:16:21Z,bombs-kim,False,3,0,2
15959,2019-01-11T13:27:45Z,mrshenli,False,3,0,1
15955,2019-01-11T03:52:12Z,vishwakftw,False,2,0,1
15954,2019-01-11T03:13:11Z,smessmer,False,0,0,0
15953,2019-01-11T02:41:20Z,jspark1105,False,0,0,0
15951,2019-01-11T00:38:54Z,bombs-kim,False,2,0,1
15948,2019-01-10T23:53:28Z,gchanan,False,2,0,1
15947,2019-01-10T23:29:58Z,jerryzh168,False,1,0,1
15945,2019-01-10T23:21:06Z,zdevito,False,2,0,1
15944,2019-01-10T23:07:46Z,jerryzh168,False,0,0,0
15943,2019-01-10T23:07:41Z,jerryzh168,False,1,0,1
15942,2019-01-10T23:06:04Z,houseroad,False,0,0,0
15941,2019-01-10T23:03:26Z,smessmer,False,0,0,0
15940,2019-01-10T23:00:09Z,jerryzh168,False,1,5,1
15939,2019-01-10T22:47:30Z,yf225,False,4,30,1
15938,2019-01-10T22:20:39Z,zrphercule,False,3,4,0
15937,2019-01-10T22:04:29Z,mrshenli,False,3,30,0
15936,2019-01-10T21:55:39Z,smessmer,False,0,0,0
15935,2019-01-10T21:36:24Z,janewangfb,False,1,0,0
15934,2019-01-10T20:45:25Z,pjh5,False,1,0,0
15934,2019-01-10T20:45:25Z,pjh5,False,1,0,0
15933,2019-01-10T20:27:35Z,jamesr66a,False,2,0,1
15932,2019-01-10T19:56:11Z,xzhu1900,False,5,30,0
15931,2019-01-10T18:50:32Z,driazati,False,1,2,0
15930,2019-01-10T18:49:38Z,jamesr66a,False,0,0,0
15929,2019-01-10T18:48:03Z,Randl,False,2,0,1
15927,2019-01-10T18:00:32Z,pjh5,False,2,0,1
15926,2019-01-10T16:52:11Z,goldsborough,False,2,0,1
15925,2019-01-10T16:26:38Z,VitalyFedyunin,False,2,0,1
15924,2019-01-10T16:23:51Z,t-vi,False,2,0,1
15922,2019-01-10T13:41:38Z,QingfengLee,False,2,0,1
15917,2019-01-10T07:21:49Z,pjh5,False,2,0,1
15915,2019-01-10T05:34:24Z,yf225,False,1,1,0
15914,2019-01-10T05:08:23Z,mingfeima,False,6,8,0
15913,2019-01-10T03:45:40Z,youngbaby123,False,0,0,0
15912,2019-01-10T03:04:59Z,jerryzh168,False,3,5,1
15910,2019-01-10T02:13:57Z,ssnl,False,2,0,1
15908,2019-01-10T01:48:24Z,jianyuh,False,0,0,0
15907,2019-01-10T01:45:03Z,bombs-kim,False,2,0,1
15906,2019-01-10T01:28:38Z,ZolotukhinM,False,2,0,1
15905,2019-01-10T01:18:52Z,pjh5,False,0,0,0
15904,2019-01-10T01:11:57Z,eellison,False,2,1,1
15903,2019-01-10T00:30:20Z,xiaomengy,False,1,0,1
15902,2019-01-10T00:08:45Z,goldsborough,False,2,0,1
15901,2019-01-09T23:57:58Z,gchanan,False,5,30,0
15899,2019-01-09T23:31:43Z,houseroad,False,0,0,0
15898,2019-01-09T23:24:04Z,zdevito,False,1,0,0
15897,2019-01-09T23:20:19Z,apaszke,False,2,0,1
15896,2019-01-09T23:04:43Z,smessmer,False,0,0,0
15895,2019-01-09T23:00:54Z,smessmer,False,1,0,1
15893,2019-01-09T22:35:08Z,bddppq,False,3,3,1
15892,2019-01-09T21:59:49Z,umanwizard,False,2,0,1
15891,2019-01-09T21:58:54Z,goldsborough,False,3,5,1
15890,2019-01-09T21:25:56Z,smessmer,False,0,0,0
15889,2019-01-09T21:23:26Z,Maratyszcza,False,0,0,0
15887,2019-01-09T21:09:43Z,zdevito,False,3,4,1
15886,2019-01-09T20:47:31Z,umanwizard,False,2,0,1
15885,2019-01-09T20:18:15Z,cpuhrsch,False,3,2,1
15884,2019-01-09T19:38:28Z,jerryzh168,False,0,0,0
15883,2019-01-09T19:37:59Z,anderspapitto,False,0,0,0
15882,2019-01-09T19:34:10Z,ZolotukhinM,False,2,0,1
15881,2019-01-09T19:30:51Z,syed-ahmed,False,4,19,1
15880,2019-01-09T19:23:10Z,smessmer,True,0,0,0
15879,2019-01-09T19:18:49Z,bddppq,False,0,0,0
15878,2019-01-09T16:31:31Z,vishwakftw,False,4,0,3
15876,2019-01-09T16:04:32Z,orionr,False,0,0,0
15875,2019-01-09T14:20:59Z,sidhantnagpal,False,0,0,0
15873,2019-01-09T12:35:29Z,ssnl,False,3,0,2
15871,2019-01-09T10:56:14Z,bombs-kim,False,3,0,2
15868,2019-01-09T08:18:54Z,peterjc123,False,3,0,2
15865,2019-01-09T07:22:28Z,andreh7,False,0,0,0
15861,2019-01-09T04:23:18Z,zdevito,False,1,0,0
15860,2019-01-09T04:09:45Z,dzhulgakov,False,2,2,1
15859,2019-01-09T03:48:48Z,bombs-kim,False,2,0,1
15856,2019-01-09T01:48:48Z,smessmer,False,1,0,1
15855,2019-01-09T01:48:39Z,smessmer,False,1,0,1
15854,2019-01-09T01:48:30Z,smessmer,False,1,0,1
15853,2019-01-09T01:48:21Z,smessmer,False,2,2,1
15852,2019-01-09T00:53:20Z,houseroad,False,0,0,0
15851,2019-01-09T00:33:52Z,syed-ahmed,False,4,2,1
15850,2019-01-09T00:25:11Z,umanwizard,False,3,5,1
15847,2019-01-08T23:07:42Z,anderspapitto,False,2,0,1
15845,2019-01-08T23:02:26Z,umanwizard,False,2,0,1
15843,2019-01-08T22:51:15Z,ajaech,False,1,1,1
15842,2019-01-08T22:37:02Z,jaciefan,False,2,1,1
15841,2019-01-08T22:30:07Z,csummersea,False,0,0,0
15840,2019-01-08T22:18:27Z,an-kumar,False,2,1,1
15838,2019-01-08T21:50:44Z,gchanan,False,2,0,1
15836,2019-01-08T20:51:14Z,pjh5,False,2,0,1
15835,2019-01-08T20:12:38Z,zou3519,False,2,0,1
15834,2019-01-08T19:29:33Z,markovka17,False,2,0,1
15833,2019-01-08T19:06:21Z,mrshenli,False,3,6,1
15832,2019-01-08T18:31:16Z,yinghai,False,3,2,1
15831,2019-01-08T18:10:05Z,goldsborough,False,4,5,1
15830,2019-01-08T16:41:38Z,bombs-kim,False,2,0,1
15825,2019-01-08T10:03:02Z,surgan12,False,2,0,1
15824,2019-01-08T09:52:57Z,xiaomengy,False,2,5,1
15823,2019-01-08T08:39:06Z,ezyang,False,2,2,1
15820,2019-01-08T07:27:24Z,JerryShih,False,3,9,0
15819,2019-01-08T07:05:53Z,ezyang,False,2,0,1
15814,2019-01-08T01:39:10Z,jerryzh168,False,2,0,1
15813,2019-01-08T00:56:39Z,zdevito,False,2,0,1
15807,2019-01-07T22:38:44Z,zou3519,False,2,0,1
15806,2019-01-07T22:15:20Z,houseroad,False,1,0,0
15798,2019-01-07T18:42:43Z,t-vi,False,2,0,1
15796,2019-01-07T17:00:34Z,zou3519,False,3,2,1
15795,2019-01-07T16:16:12Z,ssnl,False,2,0,1
15791,2019-01-07T13:04:21Z,albanD,False,2,0,1
15787,2019-01-07T08:53:24Z,xiaomengy,False,1,0,1
15784,2019-01-07T07:37:10Z,ezyang,False,2,0,1
15782,2019-01-07T05:52:39Z,ezyang,False,3,2,1
15775,2019-01-07T01:27:23Z,jspark1105,False,0,0,0
15772,2019-01-06T13:23:38Z,bombs-kim,False,2,0,1
15769,2019-01-06T07:17:53Z,peterjc123,False,2,0,1
15766,2019-01-06T05:41:36Z,ngimel,False,3,0,1
15765,2019-01-06T04:43:12Z,resistor,False,2,0,1
15761,2019-01-06T01:24:52Z,jspark1105,False,0,0,0
15759,2019-01-05T18:56:00Z,jspark1105,False,0,0,0
15758,2019-01-05T18:44:13Z,jspark1105,False,0,0,0
15756,2019-01-05T15:51:29Z,jayleverett,False,4,6,2
15753,2019-01-05T07:58:01Z,xkszltl,False,6,15,1
15751,2019-01-05T00:54:16Z,duc0,False,2,1,1
15750,2019-01-05T00:09:33Z,mruberry,False,3,3,1
15748,2019-01-04T21:45:43Z,eellison,False,4,3,2
15747,2019-01-04T21:39:29Z,mruberry,False,2,0,1
15746,2019-01-04T21:29:37Z,BoboTiG,False,2,0,1
15745,2019-01-04T21:17:51Z,eellison,False,2,0,1
15744,2019-01-04T21:15:17Z,driazati,False,2,0,1
15743,2019-01-04T20:58:49Z,jerryzh168,False,2,6,1
15742,2019-01-04T19:36:04Z,iotamudelta,False,2,0,1
15741,2019-01-04T19:30:13Z,srush,False,4,3,1
15740,2019-01-04T19:26:41Z,zrphercule,False,2,0,1
15739,2019-01-04T18:30:59Z,houseroad,False,0,0,0
15737,2019-01-04T17:29:12Z,mrshenli,False,4,10,1
15736,2019-01-04T17:28:23Z,yf225,False,2,0,1
15733,2019-01-04T14:20:36Z,BoboTiG,False,2,0,1
15732,2019-01-04T13:19:45Z,surgan12,False,0,0,0
15731,2019-01-04T13:19:24Z,andersenchen,False,2,30,0
15726,2019-01-04T07:29:51Z,gujinghui,False,3,4,1
15725,2019-01-04T05:18:18Z,jspark1105,False,0,0,0
15724,2019-01-04T02:59:42Z,yf225,False,2,6,0
15723,2019-01-04T01:57:40Z,jspark1105,False,0,0,0
15722,2019-01-04T01:48:51Z,goldsborough,False,2,0,1
15721,2019-01-04T01:29:53Z,driazati,False,2,1,1
15719,2019-01-04T00:43:39Z,andersenchen,False,0,0,0
15718,2019-01-04T00:35:25Z,suo,False,0,0,0
15717,2019-01-03T23:36:43Z,goldsborough,False,3,2,1
15715,2019-01-03T22:47:11Z,andersenchen,False,0,0,0
15713,2019-01-03T22:40:19Z,malfet,False,0,0,0
15712,2019-01-03T22:06:13Z,ashishfarmer,False,2,0,1
15710,2019-01-03T21:31:20Z,anderspapitto,False,3,8,0
15708,2019-01-03T20:01:23Z,jspark1105,False,0,0,0
15707,2019-01-03T19:50:31Z,zrphercule,False,3,2,1
15706,2019-01-03T18:41:56Z,syed-ahmed,False,0,0,0
15705,2019-01-03T17:51:43Z,suo,False,0,0,0
15704,2019-01-03T17:34:01Z,vishwakftw,False,3,2,1
15703,2019-01-03T17:28:45Z,kmatzen,False,3,3,0
15701,2019-01-03T17:17:32Z,goldsborough,False,2,0,1
15697,2019-01-03T12:08:47Z,sgolodetz,False,3,0,2
15694,2019-01-03T08:37:10Z,ezyang,False,2,0,1
15693,2019-01-03T08:22:19Z,suo,False,2,0,1
15692,2019-01-03T07:47:41Z,dzhulgakov,False,3,7,1
15691,2019-01-03T04:40:28Z,vishwakftw,False,2,0,1
15690,2019-01-03T04:02:12Z,zdevito,False,3,2,1
15689,2019-01-03T03:43:33Z,mrshenli,False,2,0,1
15688,2019-01-03T03:15:49Z,pjh5,False,2,2,1
15686,2019-01-03T01:40:45Z,ailzhang,False,3,1,2
15685,2019-01-03T01:39:44Z,jianyuh,False,0,0,0
15684,2019-01-03T01:03:53Z,teng-li,False,3,0,2
15680,2019-01-02T21:49:34Z,zdevito,False,2,0,1
15679,2019-01-02T21:36:58Z,lhuang04,False,2,30,0
15677,2019-01-02T21:12:47Z,spandantiwari,False,2,0,1
15675,2019-01-02T20:13:19Z,suo,False,2,0,1
15673,2019-01-02T19:32:53Z,pjh5,False,2,0,1
15672,2019-01-02T19:30:40Z,suo,False,2,0,1
15670,2019-01-02T19:17:04Z,ErickLuo90,False,0,0,0
15668,2019-01-02T18:50:55Z,mcarilli,False,2,1,1
15667,2019-01-02T18:39:28Z,gchanan,False,2,0,1
15665,2019-01-02T16:57:47Z,ssnl,False,2,0,1
15664,2019-01-02T16:40:31Z,elad663,False,2,0,1
15663,2019-01-02T16:27:56Z,ggoossen,False,1,0,1
15660,2019-01-02T15:40:28Z,rtarquini,False,2,0,1
15659,2019-01-02T14:00:50Z,mrshenli,False,3,3,1
15657,2019-01-02T07:46:40Z,suo,False,2,0,1
15656,2019-01-02T07:41:55Z,suo,False,3,6,1
15654,2019-01-02T06:27:24Z,Youngseok0001,False,3,0,2
15653,2019-01-02T03:57:09Z,ngimel,False,4,2,1
15651,2019-01-02T01:42:48Z,xiaomengy,False,1,1,1
15649,2019-01-01T15:19:37Z,kiendang,False,3,0,2
15648,2019-01-01T03:17:25Z,Erotemic,False,2,3,0
15646,2019-01-01T01:05:41Z,Erotemic,False,2,0,1
